location_id,formattedAddress,city,state
1,"77 Walbridge Ave, Apt 2, Toledo, OH 43609",Toledo,OH
2,"613 Allen St, Ferndale, MI 48220",Ferndale,MI
3,"6319 Denver Ave, Pensacola, FL 32526",Pensacola,FL
4,"3803 17th St NE, Washington, DC 20018",Washington,DC
5,"6738 N Calispel Dr, Coeur D Alene, ID 83815",Coeur D Alene,ID
6,"PO Box 1304, Boca Raton, FL 33429",Boca Raton,FL
7,"20 River Ct, Apt 3501, Jersey City, NJ 07310",Jersey City,NJ
8,"3857 W Monroe St, Unit 1, Chicago, IL 60624",Chicago,IL
9,"46 Forrest Ave, San Anselmo, CA 94960",San Anselmo,CA
10,"4070 N Lower Rd, Pocatello, ID 83204",Pocatello,ID
11,"1427 N Halsted St, Chicago, IL 60642",Chicago,IL
12,"2315 Towery Trl, Lutz, FL 33549",Lutz,FL
13,"5719 N Haye St, Newman Lake, WA 99025",Newman Lake,WA
14,"2757 E County Rd, 600 N, Brazil, IN 47834",Brazil,IN
15,"5855 Inwood Dr, Apt 19, Houston, TX 77057",Houston,TX
16,"8 Isaac Dr, Phenix City, AL 36869",Phenix City,AL
17,"Ottawa Dr, Union City, MI 49094",Union City,MI
18,"79774 Declaration Ct, La Quinta, CA 92253",La Quinta,CA
19,"4 Staples Ave, Taunton, MA 02780",Taunton,MA
20,"6438 Legacy Cir, Apt 302, Naples, FL 34113",Naples,FL
21,"110 Rs County Rd, 1633, Lone Oak, TX 75453",Lone Oak,TX
22,"410 Main St, Apt 4, Laurel, MD 20707",Laurel,MD
23,"2065 Green St, Abilene, TX 79603",Abilene,TX
24,"1825 Sunset Ave, Columbia, TN 38401",Columbia,TN
25,"117 E Highbanks Rd, Debary, FL 32713",Debary,FL
26,"48 Hawthorne Ave, Hamden, CT 06517",Hamden,CT
27,"308 Taylor Ave, Sterlington, LA 71280",Sterlington,LA
28,"2792 Evoke Dr, Fitchburg, WI 53711",Fitchburg,WI
29,"238 Beach 130th St, Rockaway Park, NY 11694",Rockaway Park,NY
30,"114 West St, Hadley, MA 01035",Hadley,MA
31,"6202 Oslo Pl, Bakersfield, CA 93306",Bakersfield,CA
32,"4295 Sunbeam Rd, Apt 802, Jacksonville, FL 32257",Jacksonville,FL
33,"1159 W Polk St, Chicago, IL 60607",Chicago,IL
34,"3083 Serenity Ln, Naperville, IL 60564",Naperville,IL
35,"3201 Sondra Dr, Apt 122, Fort Worth, TX 76107",Fort Worth,TX
36,"10607 Goodrum Rd, Houston, TX 77041",Houston,TX
37,"3030 Drummond St, Vicksburg, MS 39180",Vicksburg,MS
38,"810 Wilson Cir SW, Marietta, GA 30064",Marietta,GA
39,"582 S Roys Ave, Columbus, OH 43204",Columbus,OH
40,"120 Weeping Moss Way, Kathleen, GA 31047",Kathleen,GA
41,"1602 N Franklin St, Denver, CO 80218",Denver,CO
42,"703 N 14th St, Quincy, IL 62301",Quincy,IL
43,"11 Lenox Ave, Greenville, SC 29607",Greenville,SC
44,"4130 Alexander Ln, Tuscaloosa, AL 35404",Tuscaloosa,AL
45,"16222 Howe Rd, Strongsville, OH 44136",Strongsville,OH
46,"152 Edgewood Ave, Methuen, MA 01844",Methuen,MA
47,"456 S Empire St, Wilkes Barre, PA 18702",Wilkes Barre,PA
48,"205 21st St NE, Cedar Rapids, IA 52402",Cedar Rapids,IA
49,"750 7th Ave SW, Largo, FL 33770",Largo,FL
50,"2421 Okeechobee Blvd, West Palm Beach, FL 33409",West Palm Beach,FL
51,"142 Cypress Ct, Canton, GA 30115",Canton,GA
52,"1469 N Williams St, Apt 18, Denver, CO 80218",Denver,CO
53,"Nna Crystal Peak Rd, Fernwood, ID 83830",Fernwood,ID
54,"117 Depot Rd, Paintsville, KY 41240",Paintsville,KY
55,"2221 Arbor Gates Dr NE, Atlanta, GA 30324",Atlanta,GA
56,"7301A W Plmtt Prk Rd, Ste 203C, Boca Raton, FL 33433",Boca Raton,FL
57,"805 Harbour Watch Ct, Mount Pleasant, SC 29464",Mount Pleasant,SC
58,"506-508 Raymond Ave, Glendale, CA 91201",Glendale,CA
59,"1802 Bronte St, San Antonio, TX 78207",San Antonio,TX
60,"4239 Eaglehurst Rd, Sylvania, OH 43560",Sylvania,OH
61,"24245 Wilderness Oak, Apt 1210, San Antonio, TX 78258",San Antonio,TX
62,"1030 15th St NW, Fl 6, Washington, DC 20005",Washington,DC
63,"708 Almond Tree Ln, Clovis, NM 88101",Clovis,NM
64,"4710 Ron Eddie Pl, Tampa, FL 33619",Tampa,FL
65,"5521 Dixon Dr, Apt 202, Raleigh, NC 27609",Raleigh,NC
66,"31814 Pendley Rd, Willowick, OH 44095",Willowick,OH
67,"8111 Nw 91st Ave, Tamarac, FL 33321",Tamarac,FL
68,"135 Freeman St, Unit 1A, Brookline, MA 02446",Brookline,MA
69,"1716 S Forest Dr, Knoxville, TN 37920",Knoxville,TN
70,"1512 E Libra Dr, Tempe, AZ 85283",Tempe,AZ
71,"8266 E Pueblo Ave, Mesa, AZ 85208",Mesa,AZ
72,"42 Pine Hollow Dr, Middlebury, CT 06762",Middlebury,CT
73,"2515 Thomas Ave, Pasadena, TX 77506",Pasadena,TX
74,"W144N11436 Wrenwood Dr, Germantown, WI 53022",Germantown,WI
75,"436 W 110th Pl, Chicago, IL 60628",Chicago,IL
76,"330 Fountain St NE, Grand Rapids, MI 49503",Grand Rapids,MI
77,"5863 N Echo Lane Ct, Monticello, IN 47960",Monticello,IN
78,"8532 S Constance Ave, Chicago, IL 60617",Chicago,IL
79,"617 W Oak St, Palestine, TX 75801",Palestine,TX
80,"29 Colbath St, Las Vegas, NV 89110",Las Vegas,NV
81,"2809 Carriage Ct, Carrollton, TX 75006",Carrollton,TX
82,"26 La Jolla Cir, Montgomery, TX 77356",Montgomery,TX
83,"718 Still Hill Ln SE, Lawrenceville, GA 30045",Lawrenceville,GA
84,"1617 E 42nd St, Kansas City, MO 64110",Kansas City,MO
85,"6049 Mustang Breeze Trl, Unit 103, Henderson, NV 89011",Henderson,NV
86,"12361 Jolette Ave, Granada Hills, CA 91344",Granada Hills,CA
87,"817 Grand Central St, Clearwater, FL 33756",Clearwater,FL
88,"12160 W Catawba Ct, Homer Glen, IL 60491",Homer Glen,IL
89,"2842 Picadilly Cir, Kissimmee, FL 34747",Kissimmee,FL
90,"12208 W 78th Ter, Apt C, Shawnee, KS 66216",Shawnee,KS
91,"846 Carroll Rd, Charleston, WV 25314",Charleston,WV
92,"1040 Megan Cross Ln, Kernersville, NC 27284",Kernersville,NC
93,"5357 Barrett Cir, Buena Park, CA 90621",Buena Park,CA
94,"18830 Remington Mill Dr, Houston, TX 77073",Houston,TX
95,"1630 Chicago Ave, Apt 413, Evanston, IL 60201",Evanston,IL
96,"2824 Morlock St, Mckeesport, PA 15132",Mckeesport,PA
97,"424 Cuprite St, Tyrone, NM 88065",Tyrone,NM
98,"356 Webster Ave, Jersey City, NJ 07307",Jersey City,NJ
99,"1215 Sage St, Jacksonville, AR 72076",Jacksonville,AR
100,"3500 E 42nd Ave Apt C, Anchorage, AK 99508",Anchorage,AK
101,"247 Bailey Rd, Trlr 57, Bay Point, CA 94565",Bay Point,CA
102,"5419 Crestwood Dr, Crestwood, IL 60418",Crestwood,IL
103,"303 Fairdale Trce, Stockbridge, GA 30281",Stockbridge,GA
104,"8721 Greenback Ln, Apt 68, Orangevale, CA 95662",Orangevale,CA
105,"2609 Grand Basin Dr, Las Vegas, NV 89156",Las Vegas,NV
106,"2278 Lake Pointe Cir, Leesburg, FL 34748",Leesburg,FL
107,"86 Aero Dr, Defuniak Springs, FL 32433",Defuniak Springs,FL
108,"18935 E Queens Way, Black Canyon City, AZ 85324",Black Canyon City,AZ
109,"101 Harkness Ct, Smyrna, TN 37167",Smyrna,TN
110,"466 N Burton Way, Palm Springs, CA 92262",Palm Springs,CA
111,"8419 Downey Dale Dr, Randallstown, MD 21133",Randallstown,MD
112,"22829 N 91st Way, Scottsdale, AZ 85255",Scottsdale,AZ
113,"2704 Valley View Ln, Dallas, TX 75234",Dallas,TX
114,"3923 Ne 166th St, Apt 109N, North Miami Beach, FL 33160",North Miami Beach,FL
115,"6717 Via, Regina, Boca Raton, FL 33433",Boca Raton,FL
116,"22943 Alice St, Hayward, CA 94541",Hayward,CA
117,"3244 Fox Lake Dr, # A, Tampa, FL 33618",Tampa,FL
118,"12016 Hairston Dr, Willis, TX 77318",Willis,TX
119,"48 Edwards St, Apt 2B, Roslyn Heights, NY 11577",Roslyn Heights,NY
120,"1966 Wind Meadows Dr, Bartow, FL 33830",Bartow,FL
121,"35 W Wyomissing Ave Apt A, Mohnton, PA 19540",Mohnton,PA
122,"904 N Meridian Ave, Oklahoma City, OK 73107",Oklahoma City,OK
123,"129 Columbus Ave, Newton, KS 67114",Newton,KS
124,"6399 Morning Star Dr, Apt 205, The Colony, TX 75056",The Colony,TX
125,"639 Browns Ferry Rd, Madison, AL 35758",Madison,AL
126,"8112 Claire Ann Dr, Apt 303, Orlando, FL 32825",Orlando,FL
127,"16220 Stonehill Ct, Riverside, CA 92503",Riverside,CA
128,"270 Morris Tpke, Summit, NJ 07901",Summit,NJ
129,"6045 Nw 186th St, Apt 324, Hialeah, FL 33015",Hialeah,FL
130,"2520 Quarry Rd, Apt 201, Austin, TX 78703",Austin,TX
131,"1606 N 865 W, Clearfield, UT 84015",Clearfield,UT
132,"Pinckney Rd, Lots 4 & 5, Santee, SC 29142",Santee,SC
133,"7178 Rosemont Ave, Pennsauken, NJ 08110",Pennsauken,NJ
134,"912 4 Mile Rd NE, Grand Rapids, MI 49525",Grand Rapids,MI
135,"409 Washington Ave, Ste 805, Towson, MD 21204",Towson,MD
136,"1196 Ridgeside Dr NW, Acworth, GA 30102",Acworth,GA
137,"14836 Autumn View Way, Fishers, IN 46037",Fishers,IN
138,"15 Farewell Ave, Unit 212, Fairbanks, AK 99701",Fairbanks,AK
139,"8 Braemar Ct, Parsippany, NJ 07054",Parsippany,NJ
140,"51 Hill St, Wood Ridge, NJ 07075",Wood Ridge,NJ
141,"108 Alexis Dr, Dallas, GA 30132",Dallas,GA
142,"22562 Sw 106th Ave, Tualatin, OR 97062",Tualatin,OR
143,"18119 Double Bay Rd, Cypress, TX 77429",Cypress,TX
144,"12272 Nw 36th Pl, Sunrise, FL 33323",Sunrise,FL
145,"430 County Rte, 19, Hudson, NY 12534",Hudson,NY
146,"2992 Kimberly Rd, Twin Falls, ID 83301",Twin Falls,ID
147,"2611 Via, Cordova, Carrollton, TX 75006",Carrollton,TX
148,"3917 Wellington Cir, Palm Harbor, FL 34685",Palm Harbor,FL
149,"PO Box 171073, Salt Lake City, UT 84117",Salt Lake City,UT
150,"4766 Norelle St, Los Angeles, CA 90032",Los Angeles,CA
151,"6 Vestry St, Beverly, MA 01915",Beverly,MA
152,"2 Quail Ridge Loop, Beaufort, SC 29906",Beaufort,SC
153,"3091 S 110 W, Tipton, IN 46072",Tipton,IN
154,"7651 S Parnell Ave, Chicago, IL 60620",Chicago,IL
155,"35 Jerrold St, Holliston, MA 01746",Holliston,MA
156,"5006 Westerly Dr, Fayetteville, NC 28314",Fayetteville,NC
157,"3049 Highway, 589, Hattiesburg, MS 39402",Hattiesburg,MS
158,"116 N Central Ave, Staunton, VA 24401",Staunton,VA
159,"10230 Wateridge Cir, Unit 187, San Diego, CA 92121",San Diego,CA
160,"7014 W Cherry Hills Dr, Peoria, AZ 85345",Peoria,AZ
161,"1 Robert Ln, Unit 63, Glen Head, NY 11545",Glen Head,NY
162,"10537 W Bartlett St, Wichita, KS 67212",Wichita,KS
163,"1539 Traymore Ave, Dallas, TX 75217",Dallas,TX
164,"Yoder Rd, Sugarcreek, OH 44681",Sugarcreek,OH
165,"3717 W Ave, J14, Lancaster, CA 93536",Lancaster,CA
166,"304 Roberts St NE, Orting, WA 98360",Orting,WA
167,"325 Sharon Garden Ct, Unit 325, Woodbridge Proper, NJ 07095",Woodbridge Proper,NJ
168,"377 Rose Trellis Rd, Collierville, TN 38017",Collierville,TN
169,"600 Asylum Ave, Apt 1007, Hartford, CT 06105",Hartford,CT
170,"220 Myrtle Ave, Blackwood, NJ 08012",Blackwood,NJ
171,"17703 29th Avenue Ct E, Tacoma, WA 98445",Tacoma,WA
172,"2307 S Glenn St, Wichita, KS 67213",Wichita,KS
173,"121 Steer Ln, Cibolo, TX 78108",Cibolo,TX
174,"4884 Hartley Dr, Cleveland, OH 44124",Cleveland,OH
175,"901 Serena Dr, Ferris, TX 75125",Ferris,TX
176,"5559 W Manchester Ave, Los Angeles, CA 90045",Los Angeles,CA
177,"509 Sand Wedge Loop, Apopka, FL 32712",Apopka,FL
178,"210 Clusters Cir, Mooresville, NC 28117",Mooresville,NC
179,"1451 Bunker Dr, Davenport, FL 33896",Davenport,FL
180,"2633 Rialto Rd, Las Vegas, NV 89108",Las Vegas,NV
181,"10003 Skiles Dr, Bakersfield, CA 93311",Bakersfield,CA
182,"1460 Gage Rd, Toledo, OH 43612",Toledo,OH
183,"305 Rolling Ridge Rd, Rock Hill, SC 29730",Rock Hill,SC
184,"525 Aleka Loop, Unit J2, Kapaa, HI 96746",Kapaa,HI
185,"9433 S Saint Lawrence Ave, Chicago, IL 60619",Chicago,IL
186,"5600 W 14th Ave, Hialeah, FL 33012",Hialeah,FL
187,"39 14th St, Fond Du Lac, WI 54935",Fond Du Lac,WI
188,"901 10th St NW, Apt 1, Largo, FL 33770",Largo,FL
189,"16648 Kinzie St, Northridge, CA 91343",Northridge,CA
190,"311 Stahls Dr, Tower City, PA 17980",Tower City,PA
191,"117 Westchase Dr, West Monroe, LA 71291",West Monroe,LA
192,"1718 Brookhaven Cir NE, Brookhaven, GA 30319",Brookhaven,GA
193,"1608 Carlisle Blvd NE, Apt D, Albuquerque, NM 87110",Albuquerque,NM
194,"618 N Railroad Ave, Hinton, OK 73047",Hinton,OK
195,"3601 Parkview Ln, Apt 22B, Irvine, CA 92612",Irvine,CA
196,"170 Franklin Farms Cir, Fayetteville, GA 30214",Fayetteville,GA
197,"940 Market St, Apt 212, Wheeling, WV 26003",Wheeling,WV
198,"2525 Nantucket Dr, Unit 4, Houston, TX 77057",Houston,TX
199,"160 Broadway St, Apt A4, Clinton, MS 39056",Clinton,MS
200,"6414 Lindyann Ln, Houston, TX 77008",Houston,TX
201,"845 N Humboldt St, Apt 304, San Mateo, CA 94401",San Mateo,CA
202,"27349 Del Monte Ln, Menifee, CA 92586",Menifee,CA
203,"337 S 2360 W, Ogden, UT 84404",Ogden,UT
204,"1710 Lone Stirrup Dr, Richmond, TX 77406",Richmond,TX
205,"8517 168th St, Jamaica, NY 11432",Jamaica,NY
206,"226 Johnson St, Buffalo, NY 14211",Buffalo,NY
207,"305 Riverdale Rd, Severna Park, MD 21146",Severna Park,MD
208,"317 13th St SE, Washington, DC 20003",Washington,DC
209,"614 E 9th St, Bakersfield, CA 93307",Bakersfield,CA
210,"2605 Lucky St, Bakersfield, CA 93307",Bakersfield,CA
211,"4509 Carteret Dr, Trent Woods, NC 28562",Trent Woods,NC
212,"100 Mercer Ave, New Brighton, PA 15066",New Brighton,PA
213,"11059 De Foe Ave, Pacoima, CA 91331",Pacoima,CA
214,"3639 75th St E, Inver Grove Heights, MN 55076",Inver Grove Heights,MN
215,"14241 Sw 159th Ct, Miami, FL 33196",Miami,FL
216,"386 Richardson Dr, Toledo, OH 43608",Toledo,OH
217,"209 Bush St, Apt C, Dekalb, IL 60115",Dekalb,IL
218,"4642 Palm View Cir, North Charleston, SC 29418",North Charleston,SC
219,"814 S Gold Ave, Deming, NM 88030",Deming,NM
220,"10622 Hillcroft St, Houston, TX 77096",Houston,TX
221,"4949 Old Plank Rd, Iron Station, NC 28080",Iron Station,NC
222,"1031 Cobb St N, Porterville, CA 93257",Porterville,CA
223,"3306 Meadowridge Dr, Melbourne, FL 32901",Melbourne,FL
224,"3614 India Hook Rd, Rock Hill, SC 29732",Rock Hill,SC
225,"7360 Old Lantern Dr SE, Caledonia, MI 49316",Caledonia,MI
226,"18531 Calle Vista Cir, Porter Ranch, CA 91326",Porter Ranch,CA
227,"12440 Greene Ave, Los Angeles, CA 90066",Los Angeles,CA
228,"6905 Chesser Rd, Bessemer, AL 35023",Bessemer,AL
229,"Honeywood Ct, Lot 8, Port Arthur, TX 77642",Port Arthur,TX
230,"5385 Quarry Rock Rd, Lakeland, FL 33809",Lakeland,FL
231,"180 S Main St, Red Bluff, CA 96080",Red Bluff,CA
232,"1730 W Galena Blvd, Apt 102E, Aurora, IL 60506",Aurora,IL
233,"1009 Lawrence Rd, Wake Forest, NC 27587",Wake Forest,NC
234,"1638 Oak Berry Cir, Wellington, FL 33414",Wellington,FL
235,"440 Franklin Rd, Atlanta, GA 30342",Atlanta,GA
236,"35400 Highway, 101, Gold Beach, OR 97444",Gold Beach,OR
237,"2001 S Ocean Blvd, Unit 1102, North Myrtle Beach, SC 29582",North Myrtle Beach,SC
238,"33958 Golden Lantern St, Dana Point, CA 92629",Dana Point,CA
239,"860 Panama Ct, Unit 219, Marco Island, FL 34145",Marco Island,FL
240,"2196 Serenity Dr NW, Acworth, GA 30101",Acworth,GA
241,"1712 Lauranceae Way, Riverdale, GA 30296",Riverdale,GA
242,"2510 Dorothy Cir, Titusville, FL 32780",Titusville,FL
243,"2258 Innis Rd, Columbus, OH 43224",Columbus,OH
244,"250 Hudson Barks Blvd, Apt 205, Spartanburg, SC 29306",Spartanburg,SC
245,"2565 E Southern Ave, Unit 16, Mesa, AZ 85204",Mesa,AZ
246,"510 Ridge Rd, Decatur, TN 37322",Decatur,TN
247,"2216 E Maple Ave, Enid, OK 73701",Enid,OK
248,"3444 Chapel Ln, Hoover, AL 35226",Hoover,AL
249,"2323 Hodges St, Baytown, TX 77521",Baytown,TX
250,"4401 Gibson Ave, Saint Louis, MO 63110",Saint Louis,MO
251,"3308 S Maywood Ave, Independence, MO 64052",Independence,MO
252,"8338 36th Ave N, Saint Petersburg, FL 33710",Saint Petersburg,FL
253,"6626 Ne Sandy Blvd, Portland, OR 97213",Portland,OR
254,"909 Kapiolani Blvd, Apt 1706, Honolulu, HI 96814",Honolulu,HI
255,"37 Arbolado Dr, Walnut Creek, CA 94598",Walnut Creek,CA
256,"3946 Gaviota Ave, Long Beach, CA 90807",Long Beach,CA
257,"533 Orswell St, Fall River, MA 02721",Fall River,MA
258,"21 Croton Lake Rd, Unit 8, Katonah, NY 10536",Katonah,NY
259,"206 Avenida Pelayo Apt A, San Clemente, CA 92672",San Clemente,CA
260,"171 Lucas Dr, Acworth, GA 30102",Acworth,GA
261,"4103 Ravine Ridge Trl, Austin, TX 78746",Austin,TX
262,"1930 E Hayden Ln, Unit 113, Tempe, AZ 85281",Tempe,AZ
263,"3717 Ellerdale Dr, Columbus, OH 43230",Columbus,OH
264,"3235 Evergreen Point Rd, Medina, WA 98039",Medina,WA
265,"726 Henna St, Rocky Mount, NC 27801",Rocky Mount,NC
266,"2657 S Pittsburg Ave, Tulsa, OK 74114",Tulsa,OK
267,"8917 Chesapeake Blvd, Apt D, Norfolk, VA 23503",Norfolk,VA
268,"7268 W Peterson Ave, Apt 310, Chicago, IL 60631",Chicago,IL
269,"7820 San Miguel Dr, Port Richey, FL 34668",Port Richey,FL
270,"17061 Three Rivers Rd, Covington, LA 70433",Covington,LA
271,"5646 Lydia Ave, Kansas City, MO 64110",Kansas City,MO
272,"124 Sidewinder, Boerne, TX 78006",Boerne,TX
273,"7145 Handbell Ln, Duluth, GA 30097",Duluth,GA
274,"7500 Crosstimbers Ln, North Richland Hills, TX 76182",North Richland Hills,TX
275,"111 Aberdeen Ave, Cambridge, MA 02138",Cambridge,MA
276,"543 1/2 E 6th St, Frnt 1, New York, NY 10009",New York,NY
277,"36 Pleasant Dr, Apt 37, Stoughton, MA 02072",Stoughton,MA
278,"1515 Rossman Ave SE, Grand Rapids, MI 49507",Grand Rapids,MI
279,"0 Sparrow Hawk Ave, Brooksville, FL 34614",Brooksville,FL
280,"1450 Hillview Rd, Homewood, IL 60430",Homewood,IL
281,"642 Eagle River Ct, Vacaville, CA 95688",Vacaville,CA
282,"172 Fox Run Ct, Benson, NC 27504",Benson,NC
283,"538 Graham St, Columbus, OH 43203",Columbus,OH
284,"6153 Rockrose Dr, Newark, CA 94560",Newark,CA
285,"251 Corwin Ave, Zanesville, OH 43701",Zanesville,OH
286,"1108 N Price St, Sweetwater, TN 37874",Sweetwater,TN
287,"1679 Holeman Dr, Erie, CO 80516",Erie,CO
288,"856 W 7th St, Apt 5, Weiser, ID 83672",Weiser,ID
289,"4330 Meadow Mills Rd, Owings Mills, MD 21117",Owings Mills,MD
290,"W168N11543 El Camino Dr, Germantown, WI 53022",Germantown,WI
291,"2228 El Canto Cir, Rancho Cordova, CA 95670",Rancho Cordova,CA
292,"5705 E 17th St N, Wichita, KS 67208",Wichita,KS
293,"500 Harvard St, Brookline, MA 02446",Brookline,MA
294,"4918 Cross Creek Ln, League City, TX 77573",League City,TX
295,"12200 Sw Horizon Blvd, Apt 107, Beaverton, OR 97007",Beaverton,OR
296,"10910 S Falls Ter, Houston, TX 77095",Houston,TX
297,"510 Willard St, Madison, AL 35758",Madison,AL
298,"4174 Commonwealth Ave, Culver City, CA 90232",Culver City,CA
299,"820 N Oak St, Lake City, MN 55041",Lake City,MN
300,"901 Birch Ave, Richland, WA 99352",Richland,WA
301,"2251 Meadowvale Ave, Los Angeles, CA 90031",Los Angeles,CA
302,"126 Harvard Pl, Syracuse, NY 13210",Syracuse,NY
303,"32 Tompkins Cir, Staten Island, NY 10301",Staten Island,NY
304,"2006 Scenic Dr, Apt B, Alamogordo, NM 88310",Alamogordo,NM
305,"18531 Shadow Ridge Dr, Dallas, TX 75287",Dallas,TX
306,"4238 Sabal Ridge Cir, Weston, FL 33331",Weston,FL
307,"335 E Cherry Cove Ln, Round Lake Beach, IL 60073",Round Lake Beach,IL
308,"2408 Canvasback Ct, Raleigh, NC 27616",Raleigh,NC
309,"3650 N 36th Ave, Apt 29, Hollywood, FL 33021",Hollywood,FL
310,"133 Strawberry Hill Ave, Norwalk, CT 06851",Norwalk,CT
311,"2113 Hay St, Easton, PA 18042",Easton,PA
312,"23 E 1st St, National City, CA 91950",National City,CA
313,"PO Box 473, Start, LA 71279",Start,LA
314,"1710 Minnesota St, Hobart, IN 46342",Hobart,IN
315,"94-213 Hopoe Pl, Waipahu, HI 96797",Waipahu,HI
316,"10847 Hidden Prairie Pkwy, Fountain, CO 80817",Fountain,CO
317,"1200 Nw 117th St, Miami, FL 33167",Miami,FL
318,"1201 Us Hwy, 1 Ste 28, North Palm Beach, FL 33408",North Palm Beach,FL
319,"2550 Revolution St, Unit 104, Melbourne, FL 32935",Melbourne,FL
320,"6685 Camp Verde Way, Sacramento, CA 95828",Sacramento,CA
321,"1124 Ranck Mill Rd, Lancaster, PA 17602",Lancaster,PA
322,"626 N Buena Vista Ave, Burns, OR 97720",Burns,OR
323,"822 E Ross St, Hamilton, TX 76531",Hamilton,TX
324,"3562 Wind Riv, Run, Clermont, FL 34711",Clermont,FL
325,"300 Aliso Dr SE, Albuquerque, NM 87108",Albuquerque,NM
326,"2701 Meadow Hill Ln, Arlington, TX 76006",Arlington,TX
327,"6273 Farlin Dr, Whitestown, IN 46075",Whitestown,IN
328,"2445 Lyttonsville Rd, Apt 207, Silver Spring, MD 20910",Silver Spring,MD
329,"6010 Baywood Dr, Roswell, GA 30076",Roswell,GA
330,"912 Se 21st St, Oklahoma City, OK 73129",Oklahoma City,OK
331,"10919 W 104th Cir, Broomfield, CO 80021",Broomfield,CO
332,"838 Mallory Dr, Rock Hill, SC 29730",Rock Hill,SC
333,"3901 Accent Dr, Apt 1023, Dallas, TX 75287",Dallas,TX
334,"2272 Arroyo Trabuco Way, Lake Forest, CA 92610",Lake Forest,CA
335,"1650 E Ave, R3, Palmdale, CA 93550",Palmdale,CA
336,"11 Stoneham Way, Sanbornville, NH 03872",Sanbornville,NH
337,"210 Barlow Ln, Morro Bay, CA 93442",Morro Bay,CA
338,"329 Cabin Dr, Irmo, SC 29063",Irmo,SC
339,"252 W 11th St, San Pedro, CA 90731",San Pedro,CA
340,"496 Madison Ave, West Hempstead, NY 11552",West Hempstead,NY
341,"1250 Marina Village Pkwy, Alameda, CA 94501",Alameda,CA
342,"20 Larkwood Ct, Stafford, VA 22554",Stafford,VA
343,"5379 Heartwood Ln, Denver, NC 28037",Denver,NC
344,"7501 Cedarcrest Ave, Bakersfield, CA 93308",Bakersfield,CA
345,"354 Copperfield Ln, Herndon, VA 20170",Herndon,VA
346,"4253 Elkhorn Blvd, North Highlands, CA 95660",North Highlands,CA
347,"20451 Picadilly Rd, Detroit, MI 48221",Detroit,MI
348,"78 Highland Dr, Putnam, CT 06260",Putnam,CT
349,"3163 S Florence Pl, Tulsa, OK 74105",Tulsa,OK
350,"PO Box 6207, Lake Charles, LA 70606",Lake Charles,LA
351,"134 Dupont Cir, Norfolk, VA 23509",Norfolk,VA
352,"PO Box 70100, Fairbanks, AK 99707",Fairbanks,AK
353,"532 Paddle Dr, Crowley, TX 76036",Crowley,TX
354,"726 Estes Dr, Winchester, KY 40391",Winchester,KY
355,"1571 Sandhurst Dr, Waxahachie, TX 75165",Waxahachie,TX
356,"4376 Andromeda Way, Saint Paul, MN 55123",Saint Paul,MN
357,"19505 Brookside Way, Bend, OR 97702",Bend,OR
358,"5114 Bahama Dr, Wichita Falls, TX 76310",Wichita Falls,TX
359,"2530 Sara Jane Pkwy, Apt 234, Grand Prairie, TX 75052",Grand Prairie,TX
360,"215 Marshall Dr, Pittsburgh, PA 15235",Pittsburgh,PA
361,"408 E 115th Ter, Kansas City, MO 64131",Kansas City,MO
362,"598 Slew Dr, Holly Springs, GA 30115",Holly Springs,GA
363,"19 Down Draft Cir, West Haven, CT 06516",West Haven,CT
364,"136 Crystal Ct, Bellevue, OH 44811",Bellevue,OH
365,"641 Wood St, Piqua, OH 45356",Piqua,OH
366,"488 Wallace Springs Rd, Statesville, NC 28677",Statesville,NC
367,"9284 Gore St, Apt B, Arvada, CO 80007",Arvada,CO
368,"2215 S Fern Ave Apt D, Ontario, CA 91762",Ontario,CA
369,"12729 New Jersey Ct, Kansas City, KS 66109",Kansas City,KS
370,"1845 Wild Willow Trl, Fort Worth, TX 76134",Fort Worth,TX
371,"1578 S Ensenada St, Aurora, CO 80017",Aurora,CO
372,"5127 Salt Trail Canyon Pass, Fort Wayne, IN 46808",Fort Wayne,IN
373,"4126 E Page Ave, Gilbert, AZ 85234",Gilbert,AZ
374,"26 Coquina Lake Way, Ormond Beach, FL 32174",Ormond Beach,FL
375,"19083 Ludlow St, Porter Ranch, CA 91326",Porter Ranch,CA
376,"112 Earliana Ct, Pasadena, MD 21122",Pasadena,MD
377,"235 W Van Buren St, Unit 1814, Chicago, IL 60607",Chicago,IL
378,"14231 Tortoise Pl, Victorville, CA 92394",Victorville,CA
379,"6 E Grant St, Lititz, PA 17543",Lititz,PA
380,"4815 Roberts Ct, Castro Valley, CA 94552",Castro Valley,CA
381,"4 Christine Dr, East Hartford, CT 06108",East Hartford,CT
382,"34484 Morris St, Beaumont, CA 92223",Beaumont,CA
383,"7010 Hemingway Cir, Haines City, FL 33844",Haines City,FL
384,"456 Jarnigan St, Jefferson City, TN 37760",Jefferson City,TN
385,"9937 Marigold Hills St, Las Vegas, NV 89141",Las Vegas,NV
386,"7231 237th Ave NE, Redmond, WA 98053",Redmond,WA
387,"5503 Pine Tree Dr, Louisville, KY 40219",Louisville,KY
388,"2340 Maple Dr, Little Elm, TX 75068",Little Elm,TX
389,"14011 Entrada Dr, Orlando, FL 32837",Orlando,FL
390,"626 Alberta Dr, Brigantine, NJ 08203",Brigantine,NJ
391,"2849 E Thompson St, Unit 2, Philadelphia, PA 19134",Philadelphia,PA
392,"308 Remington St, Bridgeport, CT 06610",Bridgeport,CT
393,"5736 Beech Grove Ln, Cincinnati, OH 45233",Cincinnati,OH
394,"3566 Turnberry Dr, Chambersburg, PA 17202",Chambersburg,PA
395,"2852 Wintergreen Dr, Florissant, MO 63033",Florissant,MO
396,"123 Spruce St, Petersburg, VA 23803",Petersburg,VA
397,"648 W Roscoe St, Chicago, IL 60657",Chicago,IL
398,"240 Iowa St, Indianapolis, IN 46225",Indianapolis,IN
399,"12818 Benwood Ave, Cleveland, OH 44105",Cleveland,OH
400,"1903 N Central St, Knoxville, TN 37917",Knoxville,TN
401,"4718 Lasalle Ave, Bellingham, WA 98229",Bellingham,WA
402,"118 N Woods Rd, Henderson, NC 27536",Henderson,NC
403,"9280 Orangevale Ave, Orangevale, CA 95662",Orangevale,CA
404,"1615 Regency Ct, Apt 406, Arlington, TX 76010",Arlington,TX
405,"16269 Whittier Blvd, Whittier, CA 90603",Whittier,CA
406,"12136 Kingsley Trl, Parrish, FL 34219",Parrish,FL
407,"123 Las Almas Ln, Winter Springs, FL 32708",Winter Springs,FL
408,"5303 N Argonne Ln, Apt 1, Spokane, WA 99212",Spokane,WA
409,"607 Jeanette St, Brunswick, OH 44212",Brunswick,OH
410,"149 Bradshaw Dr, Manahawkin, NJ 08050",Manahawkin,NJ
411,"2068 Manhattan Pkwy, Decatur, GA 30035",Decatur,GA
412,"120th St NW, Pine Island, MN 55963",Pine Island,MN
413,"4820 Old Main St, Unit 409, Henrico, VA 23231",Henrico,VA
414,"1436 Coluso Dr, Winter Garden, FL 34787",Winter Garden,FL
415,"23 Clement St, Glen Cove, NY 11542",Glen Cove,NY
416,"3850 Willowood Dr, Clemmons, NC 27012",Clemmons,NC
417,"5601 Sw Nebraska St, Portland, OR 97221",Portland,OR
418,"8176 San Vincente Ave, South Gate, CA 90280",South Gate,CA
419,"1086 Forest Lakes Dr, Apt 205, Naples, FL 34105",Naples,FL
420,"21 Sunrise Ter, Washington, NJ 07882",Washington,NJ
421,"374 County Rd, C W, Saint Paul, MN 55113",Saint Paul,MN
422,"1201 W Broward St, Lantana, FL 33462",Lantana,FL
423,"112 Locust St, Hardinsburg, KY 40143",Hardinsburg,KY
424,"312 Edward St, Footville, WI 53537",Footville,WI
425,"3444 Devonshire Rd, Detroit, MI 48224",Detroit,MI
426,"4610 N Hermitage Ave, Apt 3W, Chicago, IL 60640",Chicago,IL
427,"999 W Wolfram St, Apt 507, Chicago, IL 60657",Chicago,IL
428,"4177 Gazebo St, Unit C4, Aubrey, TX 76227",Aubrey,TX
429,"836 Broadway, Apt 2F, Bayonne, NJ 07002",Bayonne,NJ
430,"PO Box 2794, Slidell, LA 70459",Slidell,LA
431,"8082 Triplefin Way, Elk Grove, CA 95757",Elk Grove,CA
432,"381 Glenwood Ave, # 1, Rochester, NY 14613",Rochester,NY
433,"3432 Tryon Rd, Longview, TX 75605",Longview,TX
434,"11173 Inwood St, Jamaica, NY 11435",Jamaica,NY
435,"2629 Nw 56th St, Unit A, Seattle, WA 98107",Seattle,WA
436,"10710 Cordero Dr, Reno, NV 89521",Reno,NV
437,"3433 1/2 Perlita Ave, Los Angeles, CA 90039",Los Angeles,CA
438,"9381 E 323rd St S, Porum, OK 74455",Porum,OK
439,"1701 Bennetts End, Fort Walton Beach, FL 32547",Fort Walton Beach,FL
440,"3710 Dunbar St, Dallas, TX 75215",Dallas,TX
441,"503 Cleveland Ave S, Apt 306, Saint Paul, MN 55116",Saint Paul,MN
442,"9804 Ne 19th Ave, Apt 13, Vancouver, WA 98665",Vancouver,WA
443,"614 Olive St, Lancaster, PA 17602",Lancaster,PA
444,"5591 W Fountain Rd, Joplin, MO 64801",Joplin,MO
445,"121 Ansley Way, Kyle, TX 78640",Kyle,TX
446,"2827 Ingleside Dr, Cleveland, OH 44134",Cleveland,OH
447,"5388 N Diamond Creek Ave, Meridian, ID 83646",Meridian,ID
448,"1009 Greenhaven Dr, Saint Paul, MN 55127",Saint Paul,MN
449,"3405 White Fir Ct, Unit B, Waldorf, MD 20602",Waldorf,MD
450,"501 Cherokee Blvd, Chattanooga, TN 37405",Chattanooga,TN
451,"504 Lyndal Ln, Bentonville, AR 72712",Bentonville,AR
452,"10033 Dorset Dr, Leesburg, FL 34788",Leesburg,FL
453,"1822 E Carver Rd, Tempe, AZ 85284",Tempe,AZ
454,"2166 Birch Dr, Unit 2ND, Lafayette Hill, PA 19444",Lafayette Hill,PA
455,"1204 29th St NE, Canton, OH 44714",Canton,OH
456,"18443 W Pioneer St, Goodyear, AZ 85338",Goodyear,AZ
457,"5372 Stonegate Farm Dr, Granite Falls, NC 28630",Granite Falls,NC
458,"3459 Woodside Ln, San Jose, CA 95121",San Jose,CA
459,"PO Box 3630, San Jose, CA 95156",San Jose,CA
460,"9801 Meadowglen Ln, Apt 134, Houston, TX 77042",Houston,TX
461,"1973 S Idaho St, Allentown, PA 18103",Allentown,PA
462,"4419 W Pine Blvd, Saint Louis, MO 63108",Saint Louis,MO
463,"10908 Creekbridge Pl, San Diego, CA 92128",San Diego,CA
464,"1865 Brittlebush Ln, Johns Island, SC 29455",Johns Island,SC
465,"34 Adler Ct, Rockaway, NJ 07866",Rockaway,NJ
466,"2622 Boss St, La Marque, TX 77568",La Marque,TX
467,"571 Pine Grove Ave, Grayson, GA 30017",Grayson,GA
468,"3340 Peachtree Rd NE, Ste 2500, Atlanta, GA 30326",Atlanta,GA
469,"1546 Chestnut Ave, Buena Vista, VA 24416",Buena Vista,VA
470,"10535 Topanga Canyon Blvd, Chatsworth, CA 91311",Chatsworth,CA
471,"901 Hidden Valley Dr, Apt 3002, Round Rock, TX 78665",Round Rock,TX
472,"1676 S Ocean Ln, Apt 253, Fort Lauderdale, FL 33316",Fort Lauderdale,FL
473,"2311 Trails End Ct, Seneca, SC 29672",Seneca,SC
474,"560 3rd St, Harrisonburg, VA 22802",Harrisonburg,VA
475,"2100 Nichols Dr, Choctaw, OK 73020",Choctaw,OK
476,"713 Wharton Ave, Wilmington, NC 28412",Wilmington,NC
477,"17407 W Ashley Dr, Goodyear, AZ 85338",Goodyear,AZ
478,"2513 Sir Percival Ln, Lewisville, TX 75056",Lewisville,TX
479,"2319 E Ward St, # C, Seattle, WA 98112",Seattle,WA
480,"1149 N Virginia Ave, Ogden, UT 84404",Ogden,UT
481,"10 E Ontario St, Apt 4004, Chicago, IL 60611",Chicago,IL
482,"903 Bison Rdg, Nappanee, IN 46550",Nappanee,IN
483,"1721 N Ogden Dr, Los Angeles, CA 90046",Los Angeles,CA
484,"5310 Creekmill Ln, Rosharon, TX 77583",Rosharon,TX
485,"3521 Morgan River Dr N, Beaufort, SC 29907",Beaufort,SC
486,"15841 Sw 48th Mnr, Miramar, FL 33027",Miramar,FL
487,"1023 E 100 S, Pleasant Grove, UT 84062",Pleasant Grove,UT
488,"1322 Se 23rd Ter, Cape Coral, FL 33990",Cape Coral,FL
489,"6916 Lowline Dr, Greensboro, NC 27405",Greensboro,NC
490,"PO Box 18314, Little Rock, AR 72222",Little Rock,AR
491,"4306 Swan St, Haines City, FL 33844",Haines City,FL
492,"1504 Ponderosa Rd E, Lot 3, Fort Walton Beach, FL 32547",Fort Walton Beach,FL
493,"2363 Lundquist Dr, Aurora, IL 60503",Aurora,IL
494,"2225 Omaha Ct, Jonesboro, GA 30236",Jonesboro,GA
495,"1931 Harbor Ave, Long Beach, CA 90810",Long Beach,CA
496,"3018 1st St S, Unit 217, Austin, TX 78704",Austin,TX
497,"1012 Goldenrod Ln, Little Elm, TX 75068",Little Elm,TX
498,"13664 E 44th Dr, Yuma, AZ 85367",Yuma,AZ
499,"4780 Neptune Cir, Ferndale, WA 98248",Ferndale,WA
500,"1007 Matheson Ave, Charlotte, NC 28205",Charlotte,NC
