location_id,formattedAddress,city,state,zipCode,county,subdivision,longitude,latitude,zoning
1,"PO Box 908, Groves, TX 77619",Groves,TX,77619,Jefferson,Not available,-93.91709,29.94465,Unknown
2,"223 Portola Dr, Danville, CA 94506",Danville,CA,94506,Contra Costa,7763,-121.915063,37.800016,P-1
3,"2018 N 87th Ter, Scottsdale, AZ 85257",Scottsdale,AZ,85257,Maricopa,"PIMA MEADOWS 3 LOTS 79-83, 104-113",-111.892208,33.470169,TH
4,"3003 50th St, Ste 400, Lubbock, TX 79413",Lubbock,TX,79413,Lubbock,Not available,-101.879633,33.548699,Unknown
5,"5268 Nw 35th Lane Rd, Ocala, FL 34482",Ocala,FL,34482,Marion,OCALA PRESERVE,-82.207187,29.224128,A1
6,"161 Tori Pines Dr, Saint Louis, MO 63129",Saint Louis,MO,63129,Saint Louis,TORI PINES CONDOMINIUM NINETEENTH,-90.306727,38.457805,R2
7,"564 Old Augusta Rd S, Rincon, GA 31326",Rincon,GA,31326,Effingham,Not available,-81.202249,32.317425,AR-1
8,"404 Silver Spring St, Dallas, GA 30157",Dallas,GA,30157,Paulding,SILVER RIDGE PHS 3,-84.819934,33.906559,Unknown
9,"18741 County Rd, 40, Goshen, IN 46526",Goshen,IN,46526,Elkhart,PLEASANT PRAIRIE,-85.823811,41.537566,ZO01
10,"126 W Bow St, Franklin, NH 03235",Franklin,NH,3235,Merrimack,Not available,-71.653214,43.4462,R2W&S
11,"2020 Whitley Ave, Los Angeles, CA 90068",Los Angeles,CA,90068,Los Angeles,3824,-118.332837,34.107397,LAR1-1-HPOZ
12,"6960 Silverleaf Ave, Baton Rouge, LA 70812",Baton Rouge,LA,70812,East Baton Rouge,HOLIDAY WOODS,-91.125583,30.514566,Unknown
13,"186 Claremont Ave, Verona, NJ 07044",Verona,NJ,7044,Essex,Not available,-74.235782,40.829231,Unknown
14,"380 Penguin Ln, Salem, VA 24153",Salem,VA,24153,Salem,SALEM,-80.045179,37.31507,RSF
15,"905 W Springer St, Beeville, TX 78102",Beeville,TX,78102,Bee,ALTO VISTA,-97.752791,28.392894,Unknown
16,"327 W Gaines St, Lawrenceburg, TN 38464",Lawrenceburg,TN,38464,Lawrence,Not available,-87.339251,35.243088,Unknown
17,"2829 Browns Bridge Rd, Gainesville, GA 30504",Gainesville,GA,30504,Hall,Not available,-83.874154,34.278456,Unknown
18,"8383 Ne Sandy Blvd, Ste 320FF, Portland, OR 97220",Portland,OR,97220,Multnomah,Not available,-122.576174,45.553864,Unknown
19,"1040 Courtney St, Hemet, CA 92543",Hemet,CA,92543,Riverside,Not available,-116.98188,33.759339,R16
20,"5119 Clairton Blvd, Pittsburgh, PA 15236",Pittsburgh,PA,15236,Allegheny,Not available,-79.972906,40.345909,Unknown
21,"560 Lucille Ln, Sidney, NE 69162",Sidney,NE,69162,Cheyenne,VALLEY VIEW ADDITION,-102.970296,41.138731,01-SINGLE FAMILY
22,"3505 E Rotamer Rd, Janesville, WI 53546",Janesville,WI,53546,Rock,Not available,-88.975729,42.729415,Unknown
23,"7630 E Pasadena Ave, Scottsdale, AZ 85250",Scottsdale,AZ,85250,Maricopa,VILLA MONTEREY UNIT 7 AMD,-111.916544,33.510334,M-H
24,"14441 N Pennsylvania Ave Apt N, Oklahoma City, OK 73134",Oklahoma City,OK,73134,Oklahoma,Not available,-97.549508,35.617732,Unknown
25,"252 W Longfellow Ave, Pontiac, MI 48340",Pontiac,MI,48340,Oakland,BUENA VISTA HEIGHTS SUBDIVISION,-83.309549,42.66956,RI
26,"14436 Desert Ocotillo Dr, Horizon City, TX 79928",Horizon City,TX,79928,El Paso,HORIZON MESA #6,-106.191211,31.706487,HR9
27,"603 W Main St, Claxton, GA 30417",Claxton,GA,30417,Evans,Not available,-81.914722,32.161232,Unknown
28,"2604 Haven Oak Ct, Ellicott City, MD 21042",Ellicott City,MD,21042,Howard,MOUNT HEBRON S19,-76.843911,39.304615,R20
29,"1418 N Midwest Blvd, Apt E, Oklahoma City, OK 73110",Oklahoma City,OK,73110,Oklahoma,Not available,-97.388582,35.484457,Unknown
30,"619 Newark Ave, Thornville, OH 43076",Thornville,OH,43076,Licking,AVONDALE,-82.434908,39.931501,Unknown
31,"2716 S Vermont Ave, Independence, MO 64052",Independence,MO,64052,Jackson,ENGLEWOOD VIEW,-94.443149,39.07201,Unknown
32,"277B Wolf St, Bath, PA 18014",Bath,PA,18014,Northampton,Not available,-75.38285,40.724799,Unknown
33,"719 Clark Ave, Stinnett, TX 79083",Stinnett,TX,79083,Hutchinson,OTS,-101.439115,35.824689,Unknown
34,"170 E 94th St, Apt 2A, New York, NY 10128",New York,NY,10128,New York,Not available,-73.951041,40.783965,R8B
35,"1142 Gentry Dr, Auburn, AL 36830",Auburn,AL,36830,Lee,TOWN & COUNTRY ESTATE,-85.459553,32.628084,Unknown
36,"3005 Dogwood Ct, Moore, OK 73160",Moore,OK,73160,Cleveland,THE WILLOWS,-97.500259,35.310616,Unknown
37,"4637 Kimrose Ln, North Royalton, OH 44133",North Royalton,OH,44133,Cuyahoga,ASHLEY WOODS SUB,-81.717449,41.311663,R1-A
38,"2606 Wheless Ln, Apt 4202, Austin, TX 78723",Austin,TX,78723,Travis,Not available,-97.680279,30.310484,Unknown
39,"3699 Mckinney Ave, Ste 584, Dallas, TX 75204",Dallas,TX,75204,Dallas,WEST VILLAGE URBAN HOMES CONDO,-96.796907,32.808968,Z239
40,"9502 Williamsborough Ln, Louisville, KY 40291",Louisville,KY,40291,Jefferson,VILLAGES AT NEW BRIDGE,-85.585253,38.1565,R4-RESIDENTIAL SINGLE FAM
41,"8901 Jones Rd, Apt 1210, Houston, TX 77065",Houston,TX,77065,Harris,Not available,-95.584831,29.903165,Unknown
42,"3916 Nantucket Rd, Unit A, Greenville, NC 27834",Greenville,NC,27834,Pitt,Not available,-77.420572,35.597203,Unknown
43,"3875 Barahona Dr, Sierra Vista, AZ 85650",Sierra Vista,AZ,85650,Cochise,CANYON DE FLORES PHASE 2B,-110.267936,31.500411,Unknown
44,"4206 Inkberry Valley Ln, Houston, TX 77045",Houston,TX,77045,Harris,BRENTWOOD PLACE,-95.440985,29.644585,Unknown
45,"712 Edgebrook Ln, West Palm Beach, FL 33411",West Palm Beach,FL,33411,Palm Beach,WELLINGTON VIEW,-80.18345,26.668039,PUD
46,"819 Oak Leaf Cir, Apt B, Birmingham, AL 35209",Birmingham,AL,35209,Jefferson,Not available,-86.821828,33.461358,Unknown
47,"8822 Old Spanish Trl, Little Rock, AR 72227",Little Rock,AR,72227,Pulaski,LEAWOOD MTN,-92.372241,34.769502,Unknown
48,"6336 Orange Hue St, North Las Vegas, NV 89031",North Las Vegas,NV,89031,Clark,GRANADA RIDGE AMD,-115.175761,36.276394,Unknown
49,"20491 Highway, 79, Sturgis, SD 57785",Sturgis,SD,57785,Meade County,Not available,-103.428538,44.434656,Unknown
50,"1130 David Trce, Suwanee, GA 30024",Suwanee,GA,30024,Forsyth,HAWTHORNE,-84.124914,34.097469,R2R
51,"103 S Palm Ave, Howey In The Hills, FL 34737",Howey In The Hills,FL,34737,Lake,PALM GARDENS,-81.772889,28.712932,Unknown
52,"2428 Acorn Pl, Ontario, CA 91761",Ontario,CA,91761,San Bernardino,Not available,-117.581477,34.028463,Unknown
53,"13784 Gavina Ave, Sylmar, CA 91342",Sylmar,CA,91342,Los Angeles,27889,-118.407858,34.323034,LARS
54,"6233 Gulfton St, Apt 2130, Houston, TX 77081",Houston,TX,77081,Harris,Not available,-95.491835,29.715133,Unknown
55,"1409 Waterford Green Dr, Marietta, GA 30068",Marietta,GA,30068,Cobb,WATERFORD GREEN,-84.387145,33.976402,Unknown
56,"527 Lakewood Way, Susanville, CA 96130",Susanville,CA,96130,Lassen,MEADOW VIEW 02,-120.665104,40.432397,Unknown
57,"469 W Banker Ave, Globe, AZ 85501",Globe,AZ,85501,Gila,WEST GLOBE,-110.795677,33.400006,Unknown
58,"400 S Ocean Blvd, Apt 204A, Lantana, FL 33462",Lantana,FL,33462,Palm Beach,COQUILLE CLUB VILLAS CLUSTER I,-80.039233,26.579497,Unknown
59,"10230 N 32nd Ln, Apt 189, Phoenix, AZ 85051",Phoenix,AZ,85051,Maricopa,Not available,-112.128943,33.578532,Unknown
60,"815 E Cedar St, Pocatello, ID 83201",Pocatello,ID,83201,Bannock,TANEY TRACTS,-112.442149,42.888064,Unknown
61,"15236 Neabsco Mills Rd, Woodbridge, VA 22191",Woodbridge,VA,22191,Prince William,Not available,-77.291106,38.621045,Unknown
62,"11 Griffin St, Methuen, MA 01844",Methuen,MA,1844,Essex,Not available,-71.211311,42.703862,RD
63,"3364 Brockcrest Cv, Memphis, TN 38128",Memphis,TN,38128,Shelby,FAIRFIELD ESTATES REV BLK C,-89.951377,35.246499,R-6
64,"3929 Broadway, Ste 11, Rockford, IL 61108",Rockford,IL,61108,Winnebago,Not available,-89.03103,42.252567,Unknown
65,"Locust St, West Plains, MO 65775",West Plains,MO,65775,Howell,Not available,-91.847346,36.719939,Unknown
66,"250 Cabrini Blvd, Apt 7B, New York, NY 10033",New York,NY,10033,New York County,Not available,-73.938416,40.855619,Unknown
67,"3303 31st St, San Diego, CA 92104",San Diego,CA,92104,San Diego,FRARY HEIGHTS,-117.126955,32.739386,R-1:SINGLE FAM-RES
68,"3405 Tartan Dr, Metairie, LA 70003",Metairie,LA,70003,Jefferson,BISSONET PLAZA,-90.20794,30.00788,Unknown
69,"705 Victor St, Enumclaw, WA 98022",Enumclaw,WA,98022,King,FLENSTED ADD NO 02,-122.009825,47.196735,R-2
70,"4701 Anderson Rd, Trlr 397, Houston, TX 77053",Houston,TX,77053,Harris,Not available,-95.448882,29.605376,Unknown
71,"13N406 Amberwood Dr, Elgin, IL 60124",Elgin,IL,60124,Kane,Not available,-88.373258,42.063323,Unknown
72,"6550 Yank Way, Apt 327, Arvada, CO 80004",Arvada,CO,80004,Jefferson,Not available,-105.142979,39.814669,Unknown
73,"42 E Fox Glove Ln, Eagle, CO 81631",Eagle,CO,81631,Eagle,Not available,-106.812679,39.629599,Unknown
74,"1520 Jefferson St, Gary, IN 46407",Gary,IN,46407,Lake,Not available,-87.340637,41.587794,Unknown
75,"2608 Rock Maple Dr, Braselton, GA 30517",Braselton,GA,30517,Gwinnett,Not available,-83.842555,34.109827,Unknown
76,"955 Beverly Rd, Corona, CA 92879",Corona,CA,92879,Riverside,FULLERTON AVE TR,-117.553159,33.868415,R1
77,"524 Depot Ct, Apt C, Traverse City, MI 49686",Traverse City,MI,49686,Grand Traverse,DEPOT NEIGHBORHOOD CONDOMINIUM GTC SUB,-85.609738,44.758428,Unknown
78,"2501 Fairchild Dr, Big Spring, TX 79720",Big Spring,TX,79720,Howard,Not available,-101.498413,32.219766,Unknown
79,"1616 Salem Lake Rd, Winston Salem, NC 27107",Winston Salem,NC,27107,Forsyth,WAUGHTOWN SEVEN,-80.19034,36.075652,RS9
80,"4977 Hartson, Kyle, TX 78640",Kyle,TX,78640,Hays,PLUM CREEK PHASE 1 SEC 2H,-97.876933,30.012467,Unknown
81,"PO Box 5671, Sun City West, AZ 85376",Sun City West,AZ,85376,Maricopa,Not available,-112.3604,33.6573,Unknown
82,"15295 George Oneal Rd, Baton Rouge, LA 70817",Baton Rouge,LA,70817,East Baton Rouge,Not available,-91.01501,30.408431,Unknown
83,"PO Box 8507, Northridge, CA 91327",Northridge,CA,91327,Los Angeles,Not available,-118.5515,34.2751,Unknown
84,"4703 Orchard Garden Way, Houston, TX 77066",Houston,TX,77066,Harris,KLEIN ARBOR,-95.490204,29.962388,Unknown
85,"827 Willoway Ave, East Alton, IL 62024",East Alton,IL,62024,Madison,Not available,-90.093648,38.883669,Unknown
86,"752 Looking Glass Cir, Corona, CA 92882",Corona,CA,92882,Riverside,Not available,-117.637778,33.881164,RR
87,"PO Box 580982, Minneapolis, MN 55458",Minneapolis,MN,55458,Hennepin,Not available,-93.2651,44.9831,Unknown
88,"545 White River Dr, Unit 15B, Myrtle Beach, SC 29579",Myrtle Beach,SC,29579,Horry,RIVER OAKS GOLF&TENNIS,-78.921276,33.723701,GR
89,"9533 Silverdale Loop Rd NW, Silverdale, WA 98383",Silverdale,WA,98383,Kitsap,SS#406,-122.703826,47.649736,UH
90,"11760 San Pablo Ave, Apt 305, El Cerrito, CA 94530",El Cerrito,CA,94530,Contra Costa,Not available,-122.319825,37.927433,Unknown
91,"170 Hartford Ter, Springfield, MA 01118",Springfield,MA,1118,Hampden,Not available,-72.535709,42.096109,R1
92,"1555 California St, Apt 308, Denver, CO 80202",Denver,CO,80202,Denver,DENVER DRY CONDOS,-104.992878,39.744838,D-C
93,"1343 N Oakley Blvd, Chicago, IL 60622",Chicago,IL,60622,Cook,HUBBARDS,-87.684508,41.906155,Unknown
94,"7599 La Bella Cir, North Highlands, CA 95660",North Highlands,CA,95660,Sacramento,Not available,-121.376477,38.7038,Unknown
95,"3450 Foggy Mist Rd SE, Palm Bay, FL 32908",Palm Bay,FL,32908,Brevard County,Not available,-80.616583,27.899773,Unknown
96,"370 Cherry Hill Rd, Elkton, MD 21921",Elkton,MD,21921,Cecil,Not available,-75.853061,39.66627,VR
97,"3231 Haywood Ave, Chattanooga, TN 37415",Chattanooga,TN,37415,Hamilton,STUART HEIGHTS,-85.286834,35.10423,R1
98,"1002 Salem Ave, Hagerstown, MD 21740",Hagerstown,MD,21740,Washington,CITIZENS DEV CO,-77.731115,39.654026,RMOD
99,"8428 Nw 68th St, Kansas City, MO 64152",Kansas City,MO,64152,Platte,CASTLE ROCK PLACE,-94.681694,39.218635,Unknown
100,"1406 S Loraine St, Midland, TX 79701",Midland,TX,79701,Midland,BELMONT,-102.074281,31.983665,Unknown
101,"2720 Se Lakewood Dr, Portland, OR 97222",Portland,OR,97222,Clackamas,MILWAUKIE,-122.634383,45.432839,HDR
102,"1832 Grey Birch Rd, Fort Wayne, IN 46814",Fort Wayne,IN,46814,Allen,Not available,-85.279319,41.066708,Unknown
103,"5225 E 5th St, Katy, TX 77493",Katy,TX,77493,Harris,MOTHERAL,-95.80969,29.789611,Unknown
104,"211 Bonner Lake Rd, Gaffney, SC 29340",Gaffney,SC,29340,Cherokee,ROSE HILL SUB,-81.629083,35.096144,Unknown
105,"24982 Saint Christopher St, Harrison Township, MI 48045",Harrison Township,MI,48045,Macomb,JEFFERSON VILLA SUB,-82.85743,42.559502,Unknown
106,"426 Taylor St, Kenner, LA 70062",Kenner,LA,70062,Jefferson,KENNER,-90.239237,29.973829,Unknown
107,"5N546 Myles Rd, Saint Charles, IL 60175",Saint Charles,IL,60175,Kane County,Not available,-88.335415,41.949305,Unknown
108,"102 Brams Ct, Taylors, SC 29687",Taylors,SC,29687,Greenville,CRISWOOD,-82.292229,34.895564,R-15
109,"513 E Cloninger St, Dallas, NC 28034",Dallas,NC,28034,Gaston,HILL ST,-81.168663,35.317507,R1
110,"1415 Round Lake Rd, Greenwood, IN 46143",Greenwood,IN,46143,Johnson,VILLAGES/GRASSY CRK SEC 4 ADD,-86.091605,39.598826,Unknown
111,"36 Barbara Ln, Medford, NY 11763",Medford,NY,11763,Suffolk,GORDON HEIGHTS,-72.96633,40.85815,Unknown
112,"2 Mimosa Rd, Lot 4, Phenix City, AL 36870",Phenix City,AL,36870,Russell,Not available,-85.07841,32.468342,Unknown
113,"635 Camdenpark Dr, Ridgeland, MS 39157",Ridgeland,MS,39157,Madison,CAMDENPARK PH 2,-90.108753,32.421987,Unknown
114,"1503 Oneida St, Huntingdon, PA 16652",Huntingdon,PA,16652,Huntingdon,Not available,-78.014986,40.49674,Unknown
115,"101 Kriens Ct, New Bern, NC 28562",New Bern,NC,28562,Craven,TABERNA,-77.032577,35.056329,Unknown
116,"PO Box 2212, Sioux City, IA 51104",Sioux City,IA,51104,Woodbury,Not available,-96.399915,42.535029,Unknown
117,"3715 Thomas Jefferson Rd, Lafayette, IN 47909",Lafayette,IN,47909,Tippecanoe,VALLEY FORGE ESTATES,-86.882158,40.36253,Unknown
118,"106 10 1/4 St SE, Rochester, MN 55904",Rochester,MN,55904,Olmsted County,SUNNYSIDE ADD,-92.461056,44.009818,Unknown
119,"9 Hoptree Ct, Homosassa, FL 34446",Homosassa,FL,34446,Citrus,SUGARMILL WOODS (CYPRESS VILLA,-82.537625,28.750303,PDR PLANNED DEVELOPMENT(S
120,"4260 Nottingham Way, Trenton, NJ 08690",Trenton,NJ,8690,Mercer,SUNSET MANOR SEC 01,-74.649153,40.225757,Unknown
121,"5136 Centralia Rd, North, Chesterfield, VA 23237",Chesterfield,VA,23237,Chesterfield,Not available,-77.47106,37.37886,Unknown
122,"975 Forest Path, Stone Mountain, GA 30088",Stone Mountain,GA,30088,Dekalb,FOX VALLEY,-84.166694,33.765985,RCD
123,"16911 Brighton Ave, Gardena, CA 90247",Gardena,CA,90247,Los Angeles,9547,-118.301879,33.877963,GAR2
124,"105 Odonnell Rd, New Britain, CT 06053",New Britain,CT,6053,Hartford,Not available,-72.781398,41.704767,S3
125,"150 St Marks St, Petersburg, VA 23803",Petersburg,VA,23803,Petersburg City,BUDD,-77.402053,37.213023,R-2
126,"6576 Brambleleaf Dr, Spring Hill, FL 34606",Spring Hill,FL,34606,Hernando,TIMBER PINES TR 13 UN 2A,-82.610332,28.475543,Unknown
127,"4134 E Laketon Ave, Muskegon, MI 49442",Muskegon,MI,49442,Muskegon,Not available,-86.141378,43.220588,R1
128,"162 Se Via, Lago Garda, Port Saint Lucie, FL 34952",Port Saint Lucie,FL,34952,St. Lucie,Not available,-80.322734,27.262688,Unknown
129,"309 Holland Ln, Unit 106, Alexandria, VA 22314",Alexandria,VA,22314,Alexandria City,ROYALTON/KING STREET,-77.060193,38.803863,CDD#1
130,"4101 Clinton Way E, Martinez, GA 30907",Martinez,GA,30907,Columbia,Not available,-82.130165,33.498656,Unknown
131,"200 W Sahara Ave, Unit 2505, Las Vegas, NV 89102",Las Vegas,NV,89102,Clark,ALLURE CONDO,-115.159058,36.144104,Unknown
132,"13789 85th Pl N, Maple Grove, MN 55369",Maple Grove,MN,55369,Hennepin,RICE LAKE COURTYARDS,-93.453577,45.109959,Unknown
133,"4420 Woodpine Dr, Unit 104, Las Vegas, NV 89119",Las Vegas,NV,89119,Clark,RANCHO SANTA FE UNIT 1,-115.121655,36.108962,Unknown
134,"358 N Hillcrest Dr SW, Marietta, GA 30064",Marietta,GA,30064,Cobb,WHITLOCK HEIGHTS,-84.55789,33.946012,Unknown
135,"15149 28th Ave, Flushing, NY 11354",Flushing,NY,11354,Queens,FLUSHING DRIVING CLUB REALTY A,-73.811285,40.772835,R2A
136,"1602 W 8th Ave, Pine Bluff, AR 71603",Pine Bluff,AR,71603,Jefferson,"MONKS SD BLK 33,34,35 T & O",-92.018966,34.221445,Unknown
137,"3727 W Delhi Ave, North Las Vegas, NV 89032",North Las Vegas,NV,89032,Clark,COLTON & ALLEN AMD,-115.189742,36.222721,Unknown
138,"4906 Boice Dr, North Brunswick, NJ 08902",North Brunswick,NJ,8902,Middlesex,HEARTHWOOD/NORTH BRUNSWICK,-74.480628,40.454339,R5
139,"5708 Phillips St, Charlotte, NC 28269",Charlotte,NC,28269,Mecklenburg,Not available,-80.809833,35.309937,R-5
140,"10383 S 175th Ave, Goodyear, AZ 85338",Goodyear,AZ,85338,Maricopa,ESTRELLA MOUNTAIN RANCH PARCEL 43,-112.424784,33.352044,R1-4
141,"10421 Hayford St, Unit H, Bellflower, CA 90706",Bellflower,CA,90706,Los Angeles,BELLFLOWER MANOR,-118.110929,33.888725,BFR2PD*
142,"16403 Se 23rd St, Bellevue, WA 98008",Bellevue,WA,98008,King,PHANTOM LAKE VILLAGE,-122.12095,47.590063,R-3.5
143,"2349 N Woodstock St, Philadelphia, PA 19132",Philadelphia,PA,19132,Philadelphia,Not available,-75.165654,39.99024,RSA5
144,"6 Manor Dr, Apt E, Eldridge, IA 52748",Eldridge,IA,52748,Scott,Not available,-90.54641,41.695535,Unknown
145,"16319 W Cheery Lynn Rd, Goodyear, AZ 85395",Goodyear,AZ,85395,Maricopa,PEBBLECREEK PHASE 2 UNIT 42 PHASE 1 LOTS,-112.408858,33.484214,PAD
146,"19 Newtown Ct, Mount Laurel, NJ 08054",Mount Laurel,NJ,8054,Burlington,HOLIDAY VILLAGE SEC 04,-74.916986,39.928594,Unknown
147,"2764 W 119th Ave, Denver, CO 80234",Denver,CO,80234,Adams,THE RANCH FILING NO 6,-105.019505,39.912691,Unknown
148,"4272 Gore Rd, Conneaut, OH 44030",Conneaut,OH,44030,Ashtabula,KINGSVILLE,-80.633331,41.934599,Unknown
149,"3200 Long Blvd, Apt 6, Nashville, TN 37203",Nashville,TN,37203,Davidson,WEST END,-86.820453,36.144727,RM40
150,"357 W Tam Oshanter Dr, Phoenix, AZ 85023",Phoenix,AZ,85023,Maricopa,"MOON VALLEY LOTS 1-128, 146-339, TR A-E",-112.079857,33.612157,R-10
151,"320 Sells Rd, Salisbury, NC 28144",Salisbury,NC,28144,Rowan,CATAWBA HEIGHTS,-80.480044,35.699939,R8
152,"13225 101st St, Lot 396, Largo, FL 33773",Largo,FL,33773,Pinellas,FOUR SEASONS EST RESIDENT OWNED C,-82.778234,27.891859,Unknown
153,"2900 E Pioneer Pkwy, Ste 200, Arlington, TX 76010",Arlington,TX,76010,Tarrant,Not available,-97.058207,32.712203,Unknown
154,"15218 Maple Park Dr, Apt 4, Maple Heights, OH 44137",Maple Heights,OH,44137,Cuyahoga,MAPLE PARK TERRACECOND,-81.573842,41.400014,Unknown
155,"16219 Audubon Ln, Bowie, MD 20716",Bowie,MD,20716,Prince Georges,AMBER MDWS/COLLINGTON SEC 12,-76.723793,38.917869,RR
156,"297 Turnpike Rd, Westborough, MA 01581",Westborough,MA,1581,Worcester,Not available,-71.653528,42.283625,Unknown
157,"Pontiac Trl, Lot 940, Evart, MI 49631",Evart,MI,49631,Osceola County,Not available,-85.266788,43.817903,Unknown
158,"1105 E Byrd St, Appleton, WI 54911",Appleton,WI,54911,Outagamie,THE PAUL NOFFKE,-88.388587,44.282394,R1B
159,"624 Jackson Ave, Evansville, IN 47713",Evansville,IN,47713,Vanderburgh,TEKOPPEL & DREIER ADD,-87.555748,37.958634,Unknown
160,"4859 Ashurst St, Kissimmee, FL 34758",Kissimmee,FL,34758,Osceola,DORAL POINTE UN 2 & DORAL POINTE NORTH,-81.471733,28.205829,RS-3
161,"3800 N Central Ave, Ste 480, Phoenix, AZ 85012",Phoenix,AZ,85012,Maricopa,Not available,-112.075563,33.491443,Unknown
162,"5359 Ridge Forest Dr, Stone Mountain, GA 30083",Stone Mountain,GA,30083,Dekalb,RIDGE FOREST PH 02B,-84.170734,33.793266,R100
163,"4105 Walnut Grove Ave, Apt 4, Rosemead, CA 91770",Rosemead,CA,91770,Los Angeles,Not available,-118.08275,34.081759,Unknown
164,"1586 Brook Ln, Denver, NC 28037",Denver,NC,28037,Lincoln,QUAIL HILL,-81.002625,35.477959,ELDD R-S
165,"2502 Lindell Rd, Wilmington, DE 19808",Wilmington,DE,19808,New Castle,GRENDON FARMS,-75.67106,39.719661,NC6.5
166,"1334 Arbor Ave, Monroe, MI 48162",Monroe,MI,48162,Monroe,GARDEN HOME SUBDIVISION,-83.378968,41.93238,R-1A
167,"1981 Oakview Dr, Fayetteville, NC 28304",Fayetteville,NC,28304,Cumberland,WELLS PLACE I,-79.015345,35.030661,SF10
168,"775 S Webster St, Decatur, IL 62521",Decatur,IL,62521,Macon,Not available,-88.948047,39.833531,MUNICIPAL
169,"144-66 Village Rd, Unit 75D, Briarwood, NY 11435",Briarwood,NY,11435,Queens County,Not available,-73.812557,40.71712,Unknown
170,"701 E 900 S, Unit 24, Saint George, UT 84790",Saint George,UT,84790,Washington,COTTONWOOD TH 4,-113.568432,37.092957,Unknown
171,"14126 Ash Mountain Ln, Conroe, TX 77384",Conroe,TX,77384,Montgomery,FOSTERS RIDGE 03,-95.524288,30.248417,Unknown
172,"4755 W Cinnamon Tree Cir, West Valley City, UT 84120",West Valley City,UT,84120,Salt Lake,CINNAMON TREE #1,-112.004632,40.683714,1108
173,"562 Sw 3rd St, Homestead, FL 33034",Homestead,FL,33034,Miami-Dade,FLORIDA CITY PROPER,-80.484582,25.445001,"0500:SGL FAM,1201-1400 SQ"
174,"3402 Dona Ave, Alexandria, VA 22303",Alexandria,VA,22303,Fairfax,BURGUNDY VILLAGE,-77.089258,38.799895,R-4(RESIDENTIAL 4 DU/AC)
175,"85 2nd Ave, Cranston, RI 02910",Cranston,RI,2910,Providence,Not available,-71.423789,41.765285,Unknown
176,"840 Water Elm Ct, Chesapeake, VA 23320",Chesapeake,VA,23320,Chesapeake City,"RIVERWALK - 1,3,9",-76.268513,36.743196,PUD: PLANNED UNIT DEVELOP
177,"2377 Georgetown Cir, Aurora, IL 60503",Aurora,IL,60503,Will,WASHINGTON SQUARE UNIT 3,-88.251142,41.710596,Unknown
178,"326 W 4th St, Ashland, OH 44805",Ashland,OH,44805,Ashland,Not available,-82.320779,40.871432,Unknown
179,"40B Sumac Ct, Mount Laurel, NJ 08054",Mount Laurel,NJ,8054,Burlington,NORTHWOODS 02 CONDO BLDG 05,-74.925405,39.934194,Unknown
180,"150 Newland St, Apt 3, Hazard, KY 41701",Hazard,KY,41701,Perry,Not available,-83.192975,37.253531,Unknown
181,"1311 Slumber Pass, San Antonio, TX 78260",San Antonio,TX,78260,Bexar,CONV A/S CODE,-98.508654,29.691789,Unknown
182,"11907 De Leon Dr, North Port, FL 34287",North Port,FL,34287,Sarasota,WARM MINERAL SPRINGS UNIT 55,-82.273135,27.051376,RSF3
183,"43 Orkney Rd, Apt 1, Boston, MA 02135",Boston,MA,2135,Suffolk,Not available,-71.149812,42.337044,Unknown
184,"1456 Ashbury Way, Perris, CA 92571",Perris,CA,92571,Riverside,Not available,-117.216345,33.798398,R2C
185,"4100 Estey Ave, Naples, FL 34104",Naples,FL,34104,Collier,Not available,-81.758632,26.140509,Unknown
186,"3546 Menlo Rd, Cleveland, OH 44120",Cleveland,OH,44120,Cuyahoga,E VIEW,-81.572315,41.463096,SF3
187,"6846 Horseshoe Bend Rd, Weatherford, TX 76087",Weatherford,TX,76087,Parker County,PHILLIP T STROUD ABS 1187,-97.876564,32.586469,Unknown
188,"3334 Blaine St NE, Washington, DC 20019",Washington,DC,20019,District Of Columbia,LILY PONDS,-76.959054,38.892239000000004,R-3
189,"3803 Dearborn St, Caldwell, ID 83605",Caldwell,ID,83605,Canyon,Not available,-116.658299,43.641738,Unknown
190,"552 Old Country Rd, Huntington Station, NY 11746",Huntington Station,NY,11746,Suffolk,Not available,-73.374186,40.818188,Unknown
191,"120 Blithe St, Green Bay, WI 54303",Green Bay,WI,54303,Brown,WEST ACRES SUB,-88.072661,44.53347,Unknown
192,"12832 Cricoli Dr, Austin, TX 78739",Austin,TX,78739,Travis,AVANA,-97.913428,30.170379,Unknown
193,"22410 Mountain View Rd, Moreno Valley, CA 92557",Moreno Valley,CA,92557,Riverside,Not available,-117.272395,33.969533,R1
194,"2120 Clay Pond Dr, Oakland, TN 38060",Oakland,TN,38060,Fayette,Not available,-89.542827,35.175831,Unknown
195,"5411 Tyrone Ave, Apt 103, Sherman Oaks, CA 91401",Sherman Oaks,CA,91401,Los Angeles,THE CHANDLER HOUSE,-118.444625,34.169039,LARD1.5
196,"3191 Medical Ctr Dr, Apt 34205, Mckinney, TX 75069",Mckinney,TX,75069,Collin,Not available,-96.632356,33.167825,Unknown
197,"3135 S Ocean Dr, Apt 129, Hallandale Beach, FL 33009",Hallandale Beach,FL,33009,Broward,AMBASSADOR SOUTH CO-OP,-80.121287,25.976506,RM-25
198,"91 Indian Creek Dr, Levittown, PA 19057",Levittown,PA,19057,Bucks,INDIAN CRK LEVITTOWN SEC 47 SU,-74.871635,40.141554,R3
199,"4607 Laureldale Rd, Houston, TX 77041",Houston,TX,77041,Harris,WESTBRANCH,-95.556176,29.836304,Unknown
200,"9201 Sw 103rd St, Miami, FL 33176",Miami,FL,33176,Miami-Dade,GALLOWAY GLEN,-80.343556,25.674162,"2200:ESTATES,25000 SQ LOT"
201,"310 9th St, Apt B, Hoboken, NJ 07030",Hoboken,NJ,7030,Hudson,Not available,-74.03184,40.74817,Unknown
202,"PO Box 2673, Laurel, MD 20709",Laurel,MD,20709,Prince Georges,Not available,-76.8395,39.0652,Unknown
203,"1405 Anderholt Rd, Holtville, CA 92250",Holtville,CA,92250,Imperial,Not available,-115.413782,32.755509,Unknown
204,"6478 Lake Scene St, Las Vegas, NV 89148",Las Vegas,NV,89148,Clark,SUNSET RIDGE NORTH,-115.311729,36.070633,Unknown
205,"N1473 Keimar Ct, Greenville, WI 54942",Greenville,WI,54942,Outagamie,FAIRWINDS,-88.52689,44.293343,Unknown
206,"13254 Cipresso Palco, San Antonio, TX 78253",San Antonio,TX,78253,Bexar,CB 4365A (MONTICELLO RANCH UT-3),-98.753114,29.432733,Unknown
207,"2106 Pearl Dr, Arnold, MO 63010",Arnold,MO,63010,Jefferson,ONDERS,-90.394342,38.433164,CT1
208,"16402 Ledge Rock St, San Antonio, TX 78232",San Antonio,TX,78232,Bexar,CONV A/S CODE,-98.456042,29.5915,Unknown
209,"PO Box 7677, Jackson, MS 39284",Jackson,MS,39284,Hinds,Not available,-90.2164,32.273,Unknown
210,"6045 Ojai Cir, Banning, CA 92220",Banning,CA,92220,Riverside,Not available,-116.94193,33.91749,Unknown
211,"12639 Hickory Bend Dr, Houston, TX 77070",Houston,TX,77070,Harris,TALLOW WOOD,-95.573344,29.957981,Unknown
212,"10226 Baltusrol Ct, Oakton, VA 22124",Oakton,VA,22124,Fairfax City,OAKTON VILLAGE,-77.298736,38.873838,R-20(RESIDENTIAL 20 DU/AC
213,"10671 Larch Ave, Bloomington, CA 92316",Bloomington,CA,92316,San Bernardino,SEMI-TROPIC LAND & WATER CO SU,-117.391446,34.060136,Unknown
214,"2381 Hyland Ave, Ventura, CA 93001",Ventura,CA,93001,Ventura,LANGMORE TERRACE,-119.263174,34.281933,R1-7
215,"6125 Amani Pl, Orangevale, CA 95662",Orangevale,CA,95662,Sacramento,AMANI PLACE,-121.217893,38.677832,SPA
216,"543 Tanbridge Rd, Wilmington, NC 28405",Wilmington,NC,28405,New Hanover,TANBRIDGE PARK PH 1,-77.836984,34.246692,"R-15,RESIDENTIAL DISTRICT"
217,"115 Haven Rdg, Peachtree City, GA 30269",Peachtree City,GA,30269,Fayette,THE RETREAT,-84.545588,33.373265,Unknown
218,"817 E Lamonte St, San Tan Valley, AZ 85140",San Tan Valley,AZ,85140,Pinal,CAMBRIA PARCEL 3,-111.556932,33.243799,Unknown
219,"222 Green Island Rd, Savannah, GA 31411",Savannah,GA,31411,Chatham,EAST VIEW SUB,-81.068692,31.912943,R1B
220,"14549 Sw 22nd St, Miami, FL 33175",Miami,FL,33175,Miami-Dade,MER ESTATES,-80.430949,25.746931,0102:MODIFIED SFR
221,"28 York Ter, Brookline, MA 02446",Brookline,MA,2446,Norfolk,BROOKLINE,-71.131523,42.341428,SC7
222,"14951 Walden Springs Way, Apt 621, Jacksonville, FL 32258",Jacksonville,FL,32258,Duval,Not available,-81.483143,30.106265,Unknown
223,"4434 Wilson Rd, Wooster, OH 44691",Wooster,OH,44691,Wayne,Not available,-81.928441,40.854269,Unknown
224,"1914 Dawnview Pl, Fairfield, CA 94534",Fairfield,CA,94534,Solano,SOUTHBROOK,-122.132645,38.167343,Unknown
225,"11509 W Virginia Ave, Lakewood, CO 80226",Lakewood,CO,80226,Jefferson,BRIARWOOD PARK,-105.127352,39.707564,Unknown
226,"1280 Nw 28th St, Miami, FL 33142",Miami,FL,33142,Miami-Dade,WESTEND PARK AMD PLAT,-80.216958,25.802093,"5700:DUPLEXES,GENERAL"
227,"2016 Van Buren St, High Point, NC 27260",High Point,NC,27260,Guilford,Not available,-80.027128,35.935996,Unknown
228,"1434 County Road 106 Rd, Columbus, TX 78934",Columbus,TX,78934,Colorado,Not available,-96.596273,29.624627,Unknown
229,"1000 Ne 24th St, Moore, OK 73160",Moore,OK,73160,Cleveland,EAST HILLS 7,-97.474726,35.360093,R2
230,"1316 11th Ave, Natrona Heights, PA 15065",Natrona Heights,PA,15065,Allegheny,Not available,-79.73065,40.613763,Unknown
231,"128 Kathryan Ct, Greenville, SC 29605",Greenville,SC,29605,Greenville,CHESTNUT HILLS,-82.424957,34.809835,R10
232,"712 Inlet, Quay Apt J, Chesapeake, VA 23320",Chesapeake,VA,23320,Chesapeake City,INLET QUAY,-76.26806,36.736462,PUD: PLANNED UNIT DEVELOP
233,"1316 Radio Ln, Apt 16, Rosenberg, TX 77471",Rosenberg,TX,77471,Fort Bend,Not available,-95.784553,29.555046,Unknown
234,"2551 Bispham Rd, Sarasota, FL 34231",Sarasota,FL,34231,Sarasota,GULF GATE UNIT 08,-82.505876,27.255895,RSF3
235,"320 Liliuokalani Ave, Apt 2204, Honolulu, HI 96815",Honolulu,HI,96815,Honolulu,MONTE VISTA,-157.820986,21.277099,APART
236,"4145 Alpine Ave, Midland, NC 28107",Midland,NC,28107,Cabarrus,CROWELL & FIRTH,-80.504411,35.228687,R/OMT
237,"403 E Lastie St, Erath, LA 70533",Erath,LA,70533,Vermilion,Not available,-92.032154,29.957615,Unknown
238,"9771 Chianti Classico Ter, Boca Raton, FL 33496",Boca Raton,FL,33496,Palm Beach,Not available,-80.200476,26.420955,AGR-PUD
239,"23-B Park Pl, Tiffin, IA 52340",Tiffin,IA,52340,Johnson,Not available,-91.64595166,41.719745762,Unknown
240,"10045 Pacific Ave, Franklin Park, IL 60131",Franklin Park,IL,60131,Cook,Not available,-87.877213,41.940154,Unknown
241,"7708 Margate Blvd, Ofc, Margate, FL 33063",Margate,FL,33063,Broward,Not available,-80.228976,26.240015,Unknown
242,"1881 N Kenwyck Dr, Ypsilanti, MI 48198",Ypsilanti,MI,48198,Washtenaw,BROMLEY PARK CONDO,-83.567646,42.275015,P-C
243,"3543 N Ellendale Ave, Fresno, CA 93722",Fresno,CA,93722,Fresno,THOMASVILLE ESTATES III,-119.888907,36.787259,RS5
244,"429 Fort, Saratoga, Saint Charles, MO 63303",Saint Charles,MO,63303,Saint Charles,EST AT HERITAGE TRAILS,-90.540745,38.748259,Unknown
245,"1786 Granada Dr, Marco Island, FL 34145",Marco Island,FL,34145,Collier,MARCO BEACH UNIT 5,-81.699256,25.929463,MARCO
246,"1152 Tennyson Pl NE, Brookhaven, GA 30319",Brookhaven,GA,30319,Dekalb,TENNYSON PLACE,-84.34265,33.893759,RA5
247,"21009 N 61st St, Phoenix, AZ 85054",Phoenix,AZ,85054,Maricopa,TALINN PHASE 2,-111.949486,33.676951,Unknown
248,"1210 Nashua Rd, Liberty, MO 64068",Liberty,MO,64068,Clay,FULLERTON ACRES,-94.439412,39.263493,Unknown
249,"38 Sycamore Dr, Chickamauga, GA 30707",Chickamauga,GA,30707,Catoosa,FARMING ROCK MEADOWS,-85.259956,34.855334,R-3
250,"512 Soft Shadow Ln, Debary, FL 32713",Debary,FL,32713,Volusia,WOODLANDS,-81.294107,28.905266,Unknown
251,"1397 Eastwood Dr, Aurora, IL 60506",Aurora,IL,60506,Kane,X IRREG SUBDIVISION,-88.335777,41.786168,Unknown
252,"13785 State Hwy, 141, Mapleton, IA 51034",Mapleton,IA,51034,Monona,Not available,-95.791904,42.157155,Unknown
253,"1409 Nw 188th St, Edmond, OK 73012",Edmond,OK,73012,Oklahoma,BARRINGTON SEC 3,-97.53723,35.663026,Unknown
254,"1231 Fairway Pointe Dr, Traverse City, MI 49696",Traverse City,MI,49696,Grand Traverse,BIRMLEY HILLS ESTATES,-85.601578,44.70394,Unknown
255,"1324 S Broad St, Apt 2F, Philadelphia, PA 19146",Philadelphia,PA,19146,Philadelphia,1324 S BROAD STREET CONDO,-75.168258,39.933435,RSA5
256,"2637 S 52nd St, Kansas City, KS 66106",Kansas City,KS,66106,Wyandotte,HIGHLAND CREST 1ST ADD RES OF,-94.698178,39.053611,Unknown
257,"28 Tennis Village Dr, Rockwall, TX 75032",Rockwall,TX,75032,Rockwall,BUFFALO CREEK TENNIS VILLAGE,-96.455358,32.874332,Unknown
258,"6361 Coronado Ave, Long Beach, CA 90805",Long Beach,CA,90805,Los Angeles,16828,-118.155014,33.870268,LBR1N
259,"106 Arlington Rdg, Cary, NC 27513",Cary,NC,27513,Wake,PARKWAY,-78.835212,35.78739,R8P
260,"1205 N Santa Fe Ave, Spc 52, Vista, CA 92084",Vista,CA,92084,San Diego,MOBILE HOME,-117.243431,33.214764,R-1:SINGLE FAM-RES
261,"2011 Hickory Ln, Fultondale, AL 35068",Fultondale,AL,35068,Jefferson,GREENBRIAR MANOR,-86.818444,33.614039,R2
262,"401 Zircon Ct, Jacksonville, NC 28546",Jacksonville,NC,28546,Onslow,STERLING FARMS PHASE 2,-77.313195,34.780221,R-10
263,"17772 Sweetbriar Pl, Castro Valley, CA 94546",Castro Valley,CA,94546,Alameda,Not available,-122.07966,37.718885,Unknown
264,"32966 Josheroo Ct, Temecula, CA 92592",Temecula,CA,92592,Riverside,Not available,-117.084389,33.476762,Unknown
265,"1132 Fairview Ave, Apt M6, Bowling Green, KY 42103",Bowling Green,KY,42103,Warren,Not available,-86.422852,36.990666,Unknown
266,"419 Boswell St, Durham, NC 27703",Durham,NC,27703,Durham,AREYS SPRING PRK,-78.854331,35.964532,RU-5
267,"5030 149th St N, Unit 4, Hugo, MN 55038",Hugo,MN,55038,Washington,CIC 257 UNITS 147-152,-93.004652,45.166015,Unknown
268,"3802 Bank St, Louisville, KY 40212",Louisville,KY,40212,Jefferson,Not available,-85.810826,38.27164,R5-RESIDENTIAL SINGLE FAM
269,"1010 Rio Bravo Dr, Forney, TX 75126",Forney,TX,75126,Kaufman,TRAVIS RANCH GOVERNORS LOTS NO 1,-96.483727,32.786838,Unknown
270,"550 Summit Ave, Apt 201, Saint Paul, MN 55102",Saint Paul,MN,55102,Ramsey,Not available,-93.12321,44.940973,Unknown
271,"8348 Tunney Ave, Northridge, CA 91324",Northridge,CA,91324,Los Angeles,10435,-118.556506,34.221839,LARA
272,"150 S Waters Edge Dr, Apt A, Glendale Heights, IL 60139",Glendale Heights,IL,60139,Dupage,THE FOUNTAINS OF GLENDALE HEIG,-88.08362,41.941898,R
273,"170 Waring Way, Merritt Island, FL 32952",Merritt Island,FL,32952,Brevard County,GEORGIANA GROVES,-80.67341,28.286985,EU
274,"1428 W Congress St, Milwaukee, WI 53209",Milwaukee,WI,53209,Milwaukee,ASSESSOR S PLAT # 108,-87.929044,43.096954,RT2
275,"903B Meghan Ct, Siloam Springs, AR 72761",Siloam Springs,AR,72761,Benton,Not available,-94.533179,36.194689,Unknown
276,"Mountain Rd, Asheboro, NC 27205",Asheboro,NC,27205,Randolph,Not available,-79.832379,35.718832,Unknown
277,"938 Cornell Ave, Albany, CA 94706",Albany,CA,94706,Alameda,MAP #4 REGENTS PARK,-122.296029,37.889034,Unknown
278,"4115 Carson Ave, Indianapolis, IN 46227",Indianapolis,IN,46227,Marion,Not available,-86.117935,39.70674,Unknown
279,"3326 Famille Ct, San Jose, CA 95135",San Jose,CA,95135,Santa Clara,8825,-121.763308,37.310168,A-PD
280,"908 Foxborough Rd, Charlotte, NC 28213",Charlotte,NC,28213,Mecklenburg,OLDE CONCORD,-80.748713,35.274482,R-3
281,"2302 Meadowglen Dr NE, Grand Rapids, MI 49505",Grand Rapids,MI,49505,Kent,APPLEWOOD II KENT COUNTY CONDOMINIUM SUB,-85.620562,43.002805,MON-MDR
282,"219 Dickson St, Westminster, SC 29693",Westminster,SC,29693,Oconee,Not available,-83.093033,34.659212,Unknown
283,"5582 Carmona Pl, Sarasota, FL 34238",Sarasota,FL,34238,Sarasota,VILLAGEWALK UNIT 1A,-82.457231,27.228239,PUD; RSF2
284,"501 Mulberry St, Valley Falls, KS 66088",Valley Falls,KS,66088,Jefferson,VALLEY FALLS ORIGINAL TOWN,-95.46363,39.344626,Unknown
285,"519 S Franklin St, Hanover, PA 17331",Hanover,PA,17331,York,Not available,-76.977109,39.792433,RS
286,"94 Hill St, Norcross, GA 30071",Norcross,GA,30071,Gwinnett,A S MASSEY PROP,-84.206231,33.936648,AA030
287,"319 E Trinity Ln, # C, Nashville, TN 37207",Nashville,TN,37207,Davidson,JB HAYNIES ORIENTAL,-86.763862,36.205757,CS
288,"685 Terrace Dr, Paramus, NJ 07652",Paramus,NJ,7652,Bergen,Not available,-74.052411,40.963212,Unknown
289,"1984 Pico Blvd, Santa Monica, CA 90405",Santa Monica,CA,90405,Los Angeles,Not available,-118.469513,34.019401,Unknown
290,"35 Calibogue Cay Rd, Hilton Head Island, SC 29928",Hilton Head Island,SC,29928,Beaufort,"CALIBOGUE CAY, MARSH ISLAND",-80.802169,32.145486,6115
291,"1517 E Colter St, # 448, Phoenix, AZ 85014",Phoenix,AZ,85014,Maricopa,Not available,-112.049416,33.512562,Unknown
292,"1523 W Cheyenne Dr, Chandler, AZ 85224",Chandler,AZ,85224,Maricopa,KNOELL EAST UNIT 5,-111.869231,33.346585,R-8.5
293,"5705 Brooks Woods Rd, Lothian, MD 20711",Lothian,MD,20711,Anne Arundel,ACREAGE & UNREC PLATS,-76.622477,38.796341,RA
294,"723 Eastern Ave, Rocky Mount, NC 27801",Rocky Mount,NC,27801,Edgecombe,EDGEMONT PARK,-77.785656,35.937486,Unknown
295,"12717 FM 31, Marshall, TX 75672",Marshall,TX,75672,Harrison,Not available,-94.230822,32.433722,Unknown
296,"52 Sunrise Rdg, Maggie Valley, NC 28751",Maggie Valley,NC,28751,Haywood,VALLEY CREEK RUN,-83.103505,35.521226,MR-2
297,"4310 Sugar Maple Chase NW, Acworth, GA 30101",Acworth,GA,30101,Cobb,PACES CLUB,-84.615149,34.05813,Unknown
298,"76 S Pine Dr, Bailey, CO 80421",Bailey,CO,80421,Park,FRIENDSHIP RCH UNIT 2,-105.474526,39.44764,Unknown
299,"1452 Mason Dr, Parma, OH 44134",Parma,OH,44134,Cuyahoga County,Not available,-81.689252,41.394612,Unknown
300,"2838 N Damen Ave, Unit 3, Chicago, IL 60618",Chicago,IL,60618,Cook,Not available,-87.678507,41.933437,Unknown
301,"113 Abbey Rd, Voorhees, NJ 08043",Voorhees,NJ,8043,Camden,Not available,-74.991231,39.854298,Unknown
302,"321 Sw Coconut Key Way, Port Saint Lucie, FL 34986",Port Saint Lucie,FL,34986,Saint Lucie,ST LUCIE WEST PLAT NO 160 LAKEFOREST,-80.38108,27.310666,PUD
303,"1804 Spring St, Parkersburg, WV 26101",Parkersburg,WV,26101,Wood,WADES ADN,-81.547215,39.276202,Unknown
304,"1930 Kellogg Rd, Genoa Township, MI 48114",Genoa Township,MI,48114,Livingston,Not available,-83.824053,42.572841,Unknown
305,"2312 N Opal St, Philadelphia, PA 19132",Philadelphia,PA,19132,Philadelphia,Not available,-75.164914,39.989362,RSA5
306,"812 Sycamore St, Rocky Mount, NC 27801",Rocky Mount,NC,27801,Edgecombe,EDGEMONT PARK,-77.785182,35.936403,Unknown
307,"3951 York View Dr NW, Comstock Park, MI 49321",Comstock Park,MI,49321,Kent,YORK VIEW ESTATES /FORMERLY YORK CREEK E,-85.677641,43.035368,R-1
308,"10006 Southwick Ct, Fredericksburg, VA 22407",Fredericksburg,VA,22407,Spotsylvania,STONEMILL,-77.535633,38.232854,RU - RURAL
309,"1502 Se 17th Ave, Homestead, FL 33035",Homestead,FL,33035,Miami-Dade,KEYS LANDING,-80.450887,25.456499,PLANNED UNIT DEVELOPMENT
310,"8246 Crystal Ct, Apt D, Twentynine Palms, CA 92277",Twentynine Palms,CA,92277,San Bernardino,Not available,-116.046412,34.201941,Unknown
311,"6412 Brentford Dr, Springfield, VA 22152",Springfield,VA,22152,Fairfax,KEENE MILL STATION,-77.240381,38.775837,R-3C(R-3 W/CLUSTER DEV)
312,"49 Panorama Dr, Sussex, NJ 07461",Sussex,NJ,7461,Sussex,PANORAMA LAKE SEC 04,-74.52399,41.239336,Unknown
313,"16856 W Buckhorn Trl, Surprise, AZ 85387",Surprise,AZ,85387,Maricopa,SUNRISE PARCEL D,-112.424151,33.729323,RM-9
314,"2561 Carpenter Rd, Lapeer, MI 48446",Lapeer,MI,48446,Lapeer,HIDDEN VALLEY,-83.369204,43.09987,Unknown
315,"417 Garron Ct, Myrtle Beach, SC 29579",Myrtle Beach,SC,29579,Horry,WALKERS WOODS PUD PH II,-78.936155,33.761903,Unknown
316,"2376 Carlton Rd SW, Roanoke, VA 24015",Roanoke,VA,24015,Roanoke City,WESTHAMPTON,-79.992841,37.255631,R-7
317,"719 E Flint St, Laramie, WY 82072",Laramie,WY,82072,Albany,Not available,-105.586559,41.317358,Unknown
318,"208 Boden Way, Greensboro, NC 27405",Greensboro,NC,27405,Guilford,VILLAGES/REEDY FORK PH 4,-79.690309,36.189658,CU-PDM
319,"304 E Marshall St, Ithaca, NY 14850",Ithaca,NY,14850,Tompkins,SECTION 33,-76.49681,42.446314,R-2B
320,"99 Ogunquit Rd, South Berwick, ME 03908",South Berwick,ME,3908,York,WARREN KIMBALL BOX 18,-70.677933,43.26177,RA
321,"PO Box 1091, Saint Charles, MO 63302",Saint Charles,MO,63302,Saint Charles,Not available,-90.48566,38.782169,Unknown
322,"2676 Unbridled Way, Morrow, OH 45152",Morrow,OH,45152,Warren,VILLAGE/CLASSICWAY 6,-84.167019,39.348647,Unknown
323,"36 S Butler Ave, Indianapolis, IN 46219",Indianapolis,IN,46219,Marion,WALKERS SUNNYSIDE ADD,-86.080356,39.7693,ZO01
324,"7671 Nw 16th Ct, Pembroke Pines, FL 33024",Pembroke Pines,FL,33024,Broward,BOULEVARD HEIGHTS SEC 8 57-9 B,-80.241784,26.023371,(R-1C)
325,"1951 N Meridian Rd, Apt 89, Tallahassee, FL 32303",Tallahassee,FL,32303,Leon,MIDTOWN AT MERIDIAN CONDO,-84.276908,30.466992,Unknown
326,"8616 Pennegrove Cir, Charlotte, NC 28214",Charlotte,NC,28214,Mecklenburg,VINEYARDS/LK WYLIE PH 2 3 & 5,-80.999643,35.232245,Unknown
327,"863 Lanceleaf Dr, Windsor, CO 80550",Windsor,CO,80550,Weld,Not available,-104.889412,40.493237,Unknown
328,"621 Ne D St, Grants Pass, OR 97526",Grants Pass,OR,97526,Josephine,RADKE ADD,-123.31801,42.439945,R-4
329,"1035 Steve Dr, Beaumont, TX 77703",Beaumont,TX,77703,Jefferson,D-20 385 A. WILLIAMS,-94.108259,30.119302,Unknown
330,"10335 Landsbury Dr, Ste 314, Houston, TX 77099",Houston,TX,77099,Harris,Not available,-95.573312,29.664437,Unknown
331,"24 W 40th St, Fl 8, New York, NY 10018",New York,NY,10018,New York,Not available,-73.983263,40.75256,Unknown
332,"4887 W Cougar Cir, Coeur D Alene, ID 83815",Coeur D Alene,ID,83815,Kootenai,Not available,-116.806156,47.718058,Unknown
333,"918 W Oak Hill Ave, Knoxville, TN 37921",Knoxville,TN,37921,Knox,BON VIEW ADD,-83.942993,35.980362,Unknown
334,"38 Northgate Cir, Northport, AL 35476",Northport,AL,35476,Tuscaloosa,Not available,-87.572781,33.230537,Unknown
335,"5348 Mt Gallant Rd, Rock Hill, SC 29732",Rock Hill,SC,29732,York,RIVER PINES,-81.088275,35.009731,RC-I
336,"40262 162nd St E, Palmdale, CA 93591",Palmdale,CA,93591,Los Angeles,28485,-117.839908,34.613762,LCRA20000*
337,"1304 W Dolphin Dr, Oak Island, NC 28465",Oak Island,NC,28465,Brunswick,WEST LONG BEACH SEC 02,-78.174591,33.915833,Unknown
338,"10405 24th St SE, Lake Stevens, WA 98258",Lake Stevens,WA,98258,Snohomish,PASADERA PHASE II,-122.091476,47.975043,Unknown
339,"310 Brooks Ave W, Saint Paul, MN 55113",Saint Paul,MN,55113,Ramsey,HEATHERWOOD,-93.11336,45.016738,A
340,"1550 Eastlake Ave E, Apt 502, Seattle, WA 98102",Seattle,WA,98102,King,Not available,-122.325289,47.633632,Unknown
341,"2056 Weldon St, Milan, TN 38358",Milan,TN,38358,Gibson,Not available,-88.766104,35.925325,Unknown
342,"201 Amy Ln, Helena, AL 35080",Helena,AL,35080,Shelby,SOMERSET PH 2,-86.850628,33.273011,Unknown
343,"30625 Bartels Rd, Bulverde, TX 78163",Bulverde,TX,78163,Comal,CANYON VIEW ACRES 1,-98.518228,29.74996,Unknown
344,"8227 Dow Cir, Strongsville, OH 44136",Strongsville,OH,44136,Cuyahoga,Not available,-81.803115,41.347427,Unknown
345,"635 Wedge Dr, Naples, FL 34103",Naples,FL,34103,Collier,MOORINGS UNIT 3,-81.804286,26.176266,NAPLES
346,"84 Prospect St, Fitchburg, MA 01420",Fitchburg,MA,1420,Worcester,Not available,-71.807322,42.590175,Unknown
347,"16518 Whiteoak Canyon Dr, Humble, TX 77346",Humble,TX,77346,Harris,GROVES SEC 14,-95.18566,29.958669,Unknown
348,"13006 Joclaire Ct, Charlotte, NC 28215",Charlotte,NC,28215,Mecklenburg,Not available,-80.686267,35.25957,R-4
349,"3305 Kissman Dr, Austin, TX 78728",Austin,TX,78728,Travis,WILLOW RUN SEC 4,-97.683595,30.457631,Unknown
350,"4402 W Paul Ave, Tampa, FL 33611",Tampa,FL,33611,Hillsborough,BINGHAM'S BAYBRIDGE ADDITION,-82.518668,27.891218,RS-50
351,"250 Hayfield Dr, Delaware, OH 43015",Delaware,OH,43015,Delaware,CARSON FARMS SEC3 PH3,-83.100581,40.292313,Unknown
352,"9229 W Stirrup Dr, Boise, ID 83709",Boise,ID,83709,Ada,WINTERS RUN SUB NO 01,-116.297349,43.548915,R4
353,"2257 Laurel Ave, Pomona, CA 91768",Pomona,CA,91768,Los Angeles,178,-117.792326,34.064011,POR16000*
354,"8357 Quay Dr, Arvada, CO 80003",Arvada,CO,80003,Jefferson,LAKE ARBOR FLG # 5,-105.07215,39.847385,Unknown
355,"1988 W 39th Ave, Kennewick, WA 99337",Kennewick,WA,99337,Benton,VANCOUVER MDWS,-119.148128,46.173897,Unknown
356,"100 Kane St, Apt C2, West Hartford, CT 06119",West Hartford,CT,6119,Hartford,GROVE,-72.720069,41.751698,RM-1
357,"2 Wheel Pl, # B, Palm Coast, FL 32164",Palm Coast,FL,32164,Flagler,Not available,-81.24748,29.522403,Unknown
358,"11 Devonshire Dr, Yorktown Heights, NY 10598",Yorktown Heights,NY,10598,Westchester,SECTION 1615,-73.815928,41.319254,Unknown
359,"17725 Queen Palm Dr, Penitas, TX 78576",Penitas,TX,78576,Hidalgo,PUEBLO DE PALMAS PH 1 - SLJ,-98.443679,26.331946,RS
360,"2335 W Cocopah St, Phoenix, AZ 85009",Phoenix,AZ,85009,Maricopa,MEADOW ADDITION,-112.110277,33.431962,M-M
361,"111309 Village Rd, Chaska, MN 55318",Chaska,MN,55318,Carver,VILLAGE POINT CONDO CIC NO 46,-93.609834,44.820739,Unknown
362,"PO Box 642, Isleta, NM 87022",Isleta,NM,87022,Bernalillo,Not available,-106.692836,34.906502,Unknown
363,"415 3rd St, Jesup, IA 50648",Jesup,IA,50648,Buchanan,LEHMAN-WOOLSEY 1ST,-92.068562,42.47929,Unknown
364,"195 Stanton St, Apt 5G, New York, NY 10002",New York,NY,10002,New York,Not available,-73.983294,40.719693,Unknown
365,"861 Harold Pl, Ste 205, Chula Vista, CA 91914",Chula Vista,CA,91914,San Diego,Not available,-116.95788,32.655265,Unknown
366,"8448 W Sunnyslope Ln, Peoria, AZ 85345",Peoria,AZ,85345,Maricopa,CEDARBROOK LOT 1-75,-112.241585,33.569861,R-8
367,"24704 87th Dr, Bellerose, NY 11426",Bellerose,NY,11426,Queens,Not available,-73.719468,40.729419,R2A
368,"1118 Roselle St, Apt 2, Linden, NJ 07036",Linden,NJ,7036,Union,Not available,-74.255181,40.640861,Unknown
369,"1691 Morocco Dr, San Jose, CA 95125",San Jose,CA,95125,Santa Clara,WILLOW VALE,-121.909357,37.28066,R1-8
370,"521 Isham St, Unit 5, New York, NY 10034",New York,NY,10034,Not available,Not available,-73.918464,40.866666,Unknown
371,"7600 Kennedy Ct, Mentor, OH 44060",Mentor,OH,44060,Lake,MENTOR GARDEN ESTATES 01,-81.368857,41.678228,R-2
372,"204 Sea Oats Dr, Apt F, Juno Beach, FL 33408",Juno Beach,FL,33408,Palm Beach,SEA OATS OF JUNO BEACH COND,-80.060873,26.882679,Unknown
373,"109 Woodland Ct, Hendersonville, TN 37075",Hendersonville,TN,37075,Sumner County,Not available,-86.629086,36.316597,Unknown
374,"612 W Summit Ave, Pueblo, CO 81004",Pueblo,CO,81004,Pueblo,86 MINNEQUA PARK + BESSEMER,-104.61803,38.249446,R4:RES/MULTI-GARD-APTS
375,"504 Voters Rd, Slidell, LA 70461",Slidell,LA,70461,Saint Tammany,KINGSPOINT VILLAGE CONDOS,-89.753996,30.255902,Unknown
376,"5028 Woodley Ave, Encino, CA 91436",Encino,CA,91436,Los Angeles,2955,-118.483034,34.160697,LARE9
377,"464 W Apache Dr, Paoli, IN 47454",Paoli,IN,47454,Orange,PICKENS SUB,-86.473286,38.564561,Unknown
378,"2682 Seneca Trl, Duluth, GA 30096",Duluth,GA,30096,Gwinnett,COVERED BRIDGE,-84.164932,33.960109,R75-SINGLE FAM RES
379,"2459 E Porter Ave, Des Moines, IA 50320",Des Moines,IA,50320,Polk,CARMAN ESTATES PLAT 4,-93.570591,41.533598,Unknown
380,"7019 Caldwell Ave, Maspeth, NY 11378",Maspeth,NY,11378,Queens,Not available,-73.890497,40.72512,R4-1
381,"1907 Norwich Rd, Glen Burnie, MD 21061",Glen Burnie,MD,21061,Anne Arundel,HARUNDALE,-76.609826,39.143987,R5
382,"4117 D St, Sacramento, CA 95819",Sacramento,CA,95819,Sacramento,BURLINGAME TERRACE,-121.447694,38.575438,R-1
383,"41 Ashford Ave, Mill Valley, CA 94941",Mill Valley,CA,94941,Marin,ASHFORD COURT,-122.524333,37.90396,Unknown
384,"7755 E Laguna Azul Ave, Unit 131, Mesa, AZ 85209",Mesa,AZ,85209,Maricopa,SUNLAND VILLAGE EAST GOLF CONDOMINIUMS U,-111.6683,33.373105,M-H
385,"1513 Creek Springs Dr, Allen, TX 75002",Allen,TX,75002,Collin,LOST CREEK RANCH PHASE 2B (CAL),-96.633884,33.120898,SFR
386,"1605 Ervin Ln, Pineville, NC 28134",Pineville,NC,28134,Mecklenburg,Not available,-80.88796,35.106753,I-1(CD)
387,"854 Halesworth Dr, Cincinnati, OH 45240",Cincinnati,OH,45240,Hamilton,MODEL CITY SUB,-84.510079,39.297238,Unknown
388,"1943 Temple Park Dr, Loganville, GA 30052",Loganville,GA,30052,Gwinnett,HAYNES CREEK,-83.973852,33.830313,R100CSO-SINGLE-FAMILY CON
389,"9831 Placid Bay, San Antonio, TX 78245",San Antonio,TX,78245,Bexar,CB 5983B (AMBER CREEK UT-1),-98.684008,29.388612,Unknown
390,"26944 Orchid Ave, Mission Viejo, CA 92692",Mission Viejo,CA,92692,Orange,EMERALD POINT,-117.650486,33.572725,Unknown
391,"490 Guerrero St, Apt 4, San Francisco, CA 94110",San Francisco,CA,94110,San Francisco,Not available,-122.424158,37.763455,Unknown
392,"1406 Robert Lewis Ave, Upper Marlboro, MD 20774",Upper Marlboro,MD,20774,Prince Georges,VILLAGE/OAK GROVE 2,-76.78321,38.869333,RR
393,"307 Thurston Rd, Mathews, VA 23109",Mathews,VA,23109,Mathews,Not available,-76.352069,37.42489,Unknown
394,"614 S Main St, Blackstone, VA 23824",Blackstone,VA,23824,Nottoway,Not available,-78.001597,37.074113,Unknown
395,"3845 Victoria Dr, West Palm Beach, FL 33406",West Palm Beach,FL,33406,Palm Beach,SOMERSET THS,-80.099606,26.659067,RH
396,"1552 N Rural St, Indianapolis, IN 46201",Indianapolis,IN,46201,Marion,VAJENS SPRINGDALE ADD,-86.116959,39.788311,ZO01
397,"630 Edgar St, Bossier City, LA 71112",Bossier City,LA,71112,Bossier,AIRPORT ANNEX,-93.703229,32.502334,Unknown
398,"2440 Arkansas Ave, Norfolk, VA 23513",Norfolk,VA,23513,Norfolk City,COLEMAN PLACE,-76.245708,36.86759,R-8
399,"3177 W Williams Dr, Phoenix, AZ 85027",Phoenix,AZ,85027,Maricopa,ADOBE MOUNTAIN ESTATES UNIT 2,-112.128959,33.690165,R-6
400,"617 Fremont Ave NW, Grand Rapids, MI 49504",Grand Rapids,MI,49504,Kent,SILAS HALLS SUBDIVISION,-85.691452,42.97471,TN-LDR
401,"240 N Jones Blvd, Ste B, Las Vegas, NV 89107",Las Vegas,NV,89107,Clark,Not available,-115.223994,36.175297,Unknown
402,"199 Thornapple Trl, Delaware, OH 43015",Delaware,OH,43015,Delaware,STRATFORD WOODS PH VI,-83.074533,40.260511,Unknown
403,"405 N Main St, Princeton, IN 47670",Princeton,IN,47670,Gibson,Not available,-87.567846,38.358458,Unknown
404,"3688 Crossings Crst, Birmingham, AL 35242",Birmingham,AL,35242,Shelby,CALDWELL CROSSINGS,-86.739134,33.405734,Unknown
405,"1335 Morgan Dairy Rd SW, Cave Spring, GA 30124",Cave Spring,GA,30124,Floyd,Not available,-85.251963,34.128913,Unknown
406,"602 W Lincoln Rd, Stockton, CA 95207",Stockton,CA,95207,San Joaquin County,UNIT #1 PACIFIC OAKS,-121.31845,38.013851,R1
407,"6475 W Oklnd Prk Blvd, Apt 104, Lauderhill, FL 33313",Lauderhill,FL,33313,Broward,Not available,-80.23648,26.165603,Unknown
408,"2101 S Sabrina, Mesa, AZ 85209",Mesa,AZ,85209,Maricopa,VILLAGES OF EASTRIDGE UNIT 5,-111.606533,33.376996,R-7
409,"9833 Bridgeton Dr, Tampa, FL 33626",Tampa,FL,33626,Hillsborough,WESTCHASE SECTION 412,-82.593335,28.047862,PD
410,"5726 Anita St, Dallas, TX 75206",Dallas,TX,75206,Dallas,GREENVILLE CREST ANNEX,-96.768755,32.83454,Z298
411,"21247 Chardonnay Dr, Apple Valley, CA 92308",Apple Valley,CA,92308,San Bernardino,Not available,-117.200144,34.495929,Unknown
412,"221 Turnberry St, Port Wentworth, GA 31407",Port Wentworth,GA,31407,Chatham,ROSSGATE SUB,-81.160959,32.147493,1-B
413,"8610 144th St, Jamaica, NY 11435",Jamaica,NY,11435,Queens,Not available,-73.81257,40.708087,R4-1
414,"14 Rumford Ct, Lancaster, PA 17602",Lancaster,PA,17602,Lancaster,CROSSINGS/ROCKY SPGS,-76.26895,40.02351,R-3
415,"18442 E El Cortez Dr, Rio Verde, AZ 85263",Rio Verde,AZ,85263,Maricopa,RIO VERDE UNIT 5,-111.681745,33.721068,R-8
416,"9632 E 39th Pl, Indianapolis, IN 46235",Indianapolis,IN,46235,Marion,VINTON WOODS SEC 1,-85.998131,39.829265,ZO01
417,"6024 Fairfield Ave Apt B, Fort Wayne, IN 46807",Fort Wayne,IN,46807,Allen,Not available,-85.142603,41.028918,Unknown
418,"13305 Lenfant Dr, Fort Washington, MD 20744",Fort Washington,MD,20744,Prince Georges,Not available,-77.014676,38.707343,Unknown
419,"905 162nd St, Apt 5C, Whitestone, NY 11357",Whitestone,NY,11357,Queens,Not available,-73.799453,40.792759,R4
420,"780 Eden Rd, Ste 2, Lancaster, PA 17601",Lancaster,PA,17601,Lancaster,Not available,-76.289595,40.069064,Unknown
421,"426 Central Parkway Ave SE, Warren, OH 44483",Warren,OH,44483,Trumbull,PERKINSWOOD,-80.783685,41.232459,Unknown
422,"37 Clinton Ave, Holyoke, MA 01040",Holyoke,MA,1040,Hampden,Not available,-72.617681,42.21153,Unknown
423,"6149 Big Bird Dr, Colorado Springs, CO 80925",Colorado Springs,CO,80925,El Paso,THE HILLS AT LORSON RANCH FIL NO 1,-104.615776,38.740741,PUD
424,"314 S Broadway St, Manhattan, MT 59741",Manhattan,MT,59741,Gallatin,Not available,-111.336318,45.853911,Unknown
425,"7774 Mordecai Ct, Jacksonville, FL 32210",Jacksonville,FL,32210,Duval,RICKER RIDGE,-81.774517,30.259268,PUD
426,"120 E 54th Ave, Apt 302A, Merrillville, IN 46410",Merrillville,IN,46410,Lake,Not available,-87.334986,41.520212,Unknown
427,"2181 County Rd, 81, Clanton, AL 35045",Clanton,AL,35045,Chilton,Not available,-86.651608,32.854374,Unknown
428,"14964 Long View Dr, Fontana, CA 92337",Fontana,CA,92337,San Bernardino,13262-3,-117.478755,34.036999,Unknown
429,"422 Mimosa Grove Xing, Tucker, GA 30084",Tucker,GA,30084,Gwinnett,PARKVIEW POINTE,-84.176886,33.876254,R60-SINGLE FAM RES
430,"9 Schettig Ct, Spring Valley, NY 10977",Spring Valley,NY,10977,Rockland,SHADY TREE ESTATES,-74.041544,41.136794,R-15
431,"1090 S Victory Dr, Mankato, MN 56001",Mankato,MN,56001,Blue Earth,Not available,-93.961426,44.142798,Unknown
432,"6507 Rosemont Ave, Detroit, MI 48228",Detroit,MI,48228,Wayne,FRISCHKORNS HIGHLANDS SUB,-83.218446,42.339045,R1
433,"9215 N Charles Pt, Citrus Springs, FL 34434",Citrus Springs,FL,34434,Citrus,CITRUS SPRINGS UNIT 02,-82.476647,28.99709,PDR PLANNED DEVELOPMENT(S
434,"8005 Sand Point Way NE, Unit A41, Seattle, WA 98115",Seattle,WA,98115,King,FAIRWAY ESTATES,-122.268556,47.689355,SF 7200
435,"3422 Shadow Burch Rd, Florence, SC 29505",Florence,SC,29505,Florence County,SOUTHBROOK PH I,-79.771513,34.12715,Unknown
436,"1760 Annandale Cir, Royal Palm Beach, FL 33411",Royal Palm Beach,FL,33411,Palm Beach,MADISON GREEN PL,-80.240233,26.71024,PUD
437,"2179 Bluestone Cir, Chula Vista, CA 91913",Chula Vista,CA,91913,San Diego,Not available,-116.974766,32.604434,R-1:SINGLE FAM-RES
438,"2740 N Elm Ln, Arlington Heights, IL 60004",Arlington Heights,IL,60004,Cook,Not available,-87.973175,42.126114,Unknown
439,"5890 Holtville Rd, Wetumpka, AL 36092",Wetumpka,AL,36092,Elmore,Not available,-86.259437,32.605265,Unknown
440,"2162 Pine St, Apt 102, San Francisco, CA 94115",San Francisco,CA,94115,San Francisco,Not available,-122.431358,37.788342,Unknown
441,"7809 Sullivans Trace Dr, Charlotte, NC 28217",Charlotte,NC,28217,Mecklenburg,SULLIVANSS TRACE PH I MAP 02,-80.956612,35.172229,R-3
442,"262 El Dorado St, Ste 100, Monterey, CA 93940",Monterey,CA,93940,Monterey,Not available,-121.897111,36.593857,Unknown
443,"3028 4th Ave, Parkville, MD 21234",Parkville,MD,21234,Baltimore,CARNEY HEIGHTS,-76.523874,39.391863,Unknown
444,"822 Golf View Dr, Apt 109, Medford, OR 97504",Medford,OR,97504,Jackson,Not available,-122.823891,42.312909,Unknown
445,"3519 W 117th St, Inglewood, CA 90303",Inglewood,CA,90303,Los Angeles,6784,-118.333814,33.928299,INR1YY
446,"11241 Eva Mae Ct, Baton Rouge, LA 70818",Baton Rouge,LA,70818,East Baton Rouge,BOGANVILLA ESTATES,-91.063579,30.544767,Unknown
447,"410 Bryan St, Apt 4, Denton, TX 76201",Denton,TX,76201,Denton,Not available,-97.147369,33.21781,Unknown
448,"2350 W 11th St, Brooklyn, NY 11223",Brooklyn,NY,11223,Kings,Not available,-73.981399,40.590188,R5
449,"10592 N Clark Ave, Alexandria, IN 46001",Alexandria,IN,46001,Madison,Not available,-85.663109,40.257061,Unknown
450,"Oleander Ave Near Paine St, California City, CA 93505",California City,CA,93505,Kern,Not available,-117.938863,35.11635,Unknown
451,"3855 Many Oaks Ln, Shingle Springs, CA 95682",Shingle Springs,CA,95682,El Dorado,Not available,-120.945446,38.665836,Unknown
452,"1053 Homestead Dr, Emmett, ID 83617",Emmett,ID,83617,Gem,BUTTES PHASE II,-116.514556,43.868563,Unknown
453,"PO Box 254, Thurmond, NC 28683",Thurmond,NC,28683,Wilkes,Not available,-80.926447,36.387302,Unknown
454,"213 Harrington Dr, Anderson, SC 29625",Anderson,SC,29625,Anderson,HARRINGTON GROVE,-82.708983,34.522214,Unknown
455,"50 Majestic Ct, Apt 402, Moorpark, CA 93021",Moorpark,CA,93021,Ventura,Not available,-118.881231,34.276462,Unknown
456,"6903 W 29th Ave, Unit 201, Hialeah, FL 33018",Hialeah,FL,33018,Miami-Dade,Not available,-80.340814,25.88541,Unknown
457,"143 Middle View Dr, Fenton, MO 63026",Fenton,MO,63026,Jefferson,Not available,-90.447728,38.493731,Unknown
458,"1171 Dean Ave, San Jose, CA 95125",San Jose,CA,95125,Santa Clara,WILLOW DEAN,-121.89665,37.298267,R1-8
459,"410 Choctaw Ln, Flowood, MS 39232",Flowood,MS,39232,Rankin,INDIAN CREEK,-90.047184,32.32999,Unknown
460,"3283 E Acacia Ave, Fresno, CA 93726",Fresno,CA,93726,Fresno,Not available,-119.768079,36.80446,RS5
461,"1410 Taft Ave, Alamogordo, NM 88310",Alamogordo,NM,88310,Otero,MOUNTAIN VIEW #1,-105.942178,32.895641,Unknown
462,"45 Englewood St, Mount Clemens, MI 48043",Mount Clemens,MI,48043,Macomb,AMEIS ADD,-82.882732,42.607946,R1-B
463,"6986 Fuller Station Rd, Schenectady, NY 12303",Schenectady,NY,12303,Albany,MARIO & COLLEEN J GUZZO SUB,-73.947129,42.737228,R40
464,"2305 Foster Ave, Parkville, MD 21234",Parkville,MD,21234,Baltimore,GRINDON LITTLE FARMS,-76.54638,39.392232,Unknown
465,"600 3rd St SE, Apt 110, Cokato, MN 55321",Cokato,MN,55321,Wright,Not available,-94.177792,45.07616,Unknown
466,"7865 E Mississippi Ave, Apt 504, Denver, CO 80247",Denver,CO,80247,Arapahoe,CANDLEWYCK CONDOS,-104.898076,39.697668,R-2-A
467,"4 Chauncy Ter, Unit 3, Cambridge, MA 02138",Cambridge,MA,2138,Middlesex,Not available,-71.121721,42.37942,Unknown
468,"108 Blue Bell Ln, Daytona Beach, FL 32114",Daytona Beach,FL,32114,Volusia,SUNSET PINES TWNHMS,-81.070998,29.201885,Unknown
469,"1100 W 136th St, Burnsville, MN 55337",Burnsville,MN,55337,Dakota,KNOB HILL,-93.293779,44.757671,R
470,"100 Walden Pond Ln, Cranberry Township, PA 16066",Cranberry Township,PA,16066,Butler,WALDEN POND PH 02,-80.065249,40.700236,Unknown
471,"7873 Peralta Rd, Rancho Cucamonga, CA 91730",Rancho Cucamonga,CA,91730,San Bernardino,MARLBOROUGH VILLAGE,-117.590213,34.110727,Unknown
472,"1501 Front St, Unit 440, San Diego, CA 92101",San Diego,CA,92101,San Diego,PALERMO CONDOMINIUM,-117.164647,32.720987,R-1:SINGLE FAM-RES
473,"6519 Falcon Rdg, Manvel, TX 77578",Manvel,TX,77578,Brazoria,LAKELAND SD,-95.357255,29.484987,Unknown
474,"2083 S Green Rd, Cleveland, OH 44121",Cleveland,OH,44121,Cuyahoga,CEDAR GREEN,-81.51905,41.503004,R-50
475,"74 Franklin Ave, Apt 3, Nutley, NJ 07110",Nutley,NJ,7110,Essex,Not available,-74.165108,40.81079,Unknown
476,"116 Spyglass Hill Loop, Unit 713, Columbia Falls, MT 59912",Columbia Falls,MT,59912,Flathead,Not available,-114.206499,48.387312,Unknown
477,"1747 Morning Star Dr, Clermont, FL 34714",Clermont,FL,34714,Lake,GLENBROOK PHASE II,-81.681327,28.3742,Unknown
478,"3248 Clifton Ct, Palo Alto, CA 94303",Palo Alto,CA,94303,Santa Clara,STERLING GARDENS,-122.116845,37.433965,R1
479,"477 Fdr Dr, Apt M204, New York, NY 10002",New York,NY,10002,New York,Not available,-73.98323,40.710696,Unknown
480,"409 Linda Dr, Burleson, TX 76028",Burleson,TX,76028,Johnson,SOUTHWEST VILLAGE,-97.347345,32.533399,Unknown
481,"1509 Tofting Ave, Iowa City, IA 52240",Iowa City,IA,52240,Johnson,HOLLYWOOD MANOR - PART 8,-91.514909,41.634298,Unknown
482,"2617 Rowland Ave NE, Canton, OH 44714",Canton,OH,44714,Stark,CANTON,-81.359612,40.825125,Unknown
483,"4217 Longview St, Bellevue, NE 68123",Bellevue,NE,68123,Sarpy,FAIRVIEW,-95.978409,41.140638,02
484,"4684 Woodridge Dr, Youngstown, OH 44515",Youngstown,OH,44515,Mahoning,TROPHY EST,-80.740529,41.077505,Unknown
485,"7017 Reatta Ct, North Richland Hills, TX 76182",North Richland Hills,TX,76182,Tarrant,GRAHAM RANCH,-97.230163,32.87453,Unknown
486,"17400 N Village Main Blvd, Unit 10, Lewes, DE 19958",Lewes,DE,19958,Sussex,LEWES-REHOBOTH,-75.170794,38.754183,MR
487,"391 Nw 59th Ct, Ocala, FL 34482",Ocala,FL,34482,Marion,OCALA RIDGE,-82.217451,29.190995,R2
488,"4122 Raleigh Rd, Pikesville, MD 21208",Pikesville,MD,21208,Baltimore,WILLIAMSBURG,-76.731875,39.35703,Unknown
489,"82 2nd St, Prue, OK 74060",Prue,OK,74060,Osage,RELOCATION OF PRUE,-96.272024,36.255735,Unknown
490,"720 Petaluma Blvd S, Apt 39, Petaluma, CA 94952",Petaluma,CA,94952,Sonoma,DIAMONDHEAD CONDOMINIUMS,-122.629841,38.229497,Unknown
491,"6970 Sw 94th Ct, Ocala, FL 34481",Ocala,FL,34481,Marion,STONE CREEK BY DEL WEBB,-82.275842,29.117341,PUD
492,"39 Mohican Dr, Westfield, NJ 07090",Westfield,NJ,7090,Union,MOHICAN HILLS,-74.330765,40.674168,Unknown
493,"200 Wildflower Dr, Apt 2, Ithaca, NY 14850",Ithaca,NY,14850,Tompkins,Not available,-76.470379,42.431014,Unknown
494,"2828 Bammel Ln, Apt 304, Houston, TX 77098",Houston,TX,77098,Harris,Not available,-95.423787,29.740039,Unknown
495,"1333 Sea Biscuit Ln, Hanover Park, IL 60133",Hanover Park,IL,60133,Dupage,GREENBROOK SF TEMPO VI,-88.135459,41.97066,R
496,"701 E Gladys St, Sikeston, MO 63801",Sikeston,MO,63801,Scott County,CHAMBER OF COMMERCE ADDN,-89.576355,36.875674,Unknown
497,"538 Berke St, Newark, TX 76071",Newark,TX,76071,Wise,NEWARK BEACH ESTATES,-97.491405,33.002233,Unknown
498,"34400 Sw 212th Ave, Homestead, FL 33034",Homestead,FL,33034,Miami-Dade,ACREAGE & UNREC PLATS,-80.534489,25.447268,9000:AGRICULTURE
499,"10123 Corona Ln, Plain City, OH 43064",Plain City,OH,43064,Union,NEW CALIF HILLS IX,-83.247407,40.145637,Unknown
500,"225 Audobon Ln, Royse City, TX 75189",Royse City,TX,75189,Rockwall,HIDDEN CREEK ESTATES (CRY),-96.330188,32.984869,Unknown
